#
# There is insufficient memory for the Java Runtime Environment to continue.
# Native memory allocation (malloc) failed to allocate 1387216 bytes. Error detail: Chunk::new
# Possible reasons:
#   The system is out of physical RAM or swap space
#   This process is running with CompressedOops enabled, and the Java Heap may be blocking the growth of the native heap
# Possible solutions:
#   Reduce memory load on the system
#   Increase physical memory or swap space
#   Check if swap backing store is full
#   Decrease Java heap size (-Xmx/-Xms)
#   Decrease number of Java threads
#   Decrease Java thread stack sizes (-Xss)
#   Set larger code cache with -XX:ReservedCodeCacheSize=
#   JVM is running with Zero Based Compressed Oops mode in which the Java heap is
#     placed in the first 32GB address space. The Java Heap base address is the
#     maximum limit for the native heap growth. Please use -XX:HeapBaseMinAddress
#     to set the Java Heap base and to place the Java Heap above 32GB virtual address.
# This output file may be truncated or incomplete.
#
#  Out of Memory Error (arena.cpp:191), pid=18012, tid=19424
#
# JRE version: OpenJDK Runtime Environment Temurin-17.0.12+7 (17.0.12+7) (build 17.0.12+7)
# Java VM: OpenJDK 64-Bit Server VM Temurin-17.0.12+7 (17.0.12+7, mixed mode, sharing, tiered, compressed oops, compressed class ptrs, g1 gc, windows-amd64)
# No core dump will be written. Minidumps are not enabled by default on client versions of Windows
#

---------------  S U M M A R Y ------------

Command Line: -XX:MaxMetaspaceSize=2G -XX:+HeapDumpOnOutOfMemoryError --add-opens=java.base/java.util=ALL-UNNAMED --add-opens=java.base/java.lang=ALL-UNNAMED --add-opens=java.base/java.lang.invoke=ALL-UNNAMED --add-opens=java.prefs/java.util.prefs=ALL-UNNAMED --add-opens=java.base/java.nio.charset=ALL-UNNAMED --add-opens=java.base/java.net=ALL-UNNAMED --add-opens=java.base/java.util.concurrent.atomic=ALL-UNNAMED -Xmx4G -Dfile.encoding=utf8 -Duser.country=IN -Duser.language=en -Duser.variant -javaagent:C:\Users\AkashK\.gradle\wrapper\dists\gradle-8.3-all\6en3ugtfdg5xnpx44z4qbwgas\gradle-8.3\lib\agents\gradle-instrumentation-agent-8.3.jar org.gradle.launcher.daemon.bootstrap.GradleDaemon 8.3

Host: AMD Ryzen 5 5600X 6-Core Processor             , 12 cores, 7G,  Windows 11 , 64 bit Build 26100 (10.0.26100.4202)
Time: Fri Jun 27 21:47:55 2025 India Standard Time elapsed time: 90.629299 seconds (0d 0h 1m 30s)

---------------  T H R E A D  ---------------

Current thread (0x000001c59194a0f0):  JavaThread "C2 CompilerThread0" daemon [_thread_in_native, id=19424, stack(0x000000378a400000,0x000000378a500000)]


Current CompileTask:
C2:  90629 31768       4       org.gradle.internal.instantiation.generator.AsmBackedClassGenerator$ClassBuilderImpl$37::<init> (403 bytes)

Stack: [0x000000378a400000,0x000000378a500000]
Native frames: (J=compiled Java code, j=interpreted, Vv=VM code, C=native code)
V  [jvm.dll+0x67f929]
V  [jvm.dll+0x8371ba]
V  [jvm.dll+0x838c7e]
V  [jvm.dll+0x8392e3]
V  [jvm.dll+0x24834f]
V  [jvm.dll+0xac9d4]
V  [jvm.dll+0xad01c]
V  [jvm.dll+0x367452]
V  [jvm.dll+0x33197a]
V  [jvm.dll+0x330e1a]
V  [jvm.dll+0x21a8b1]
V  [jvm.dll+0x219cf1]
V  [jvm.dll+0x1a58bd]
V  [jvm.dll+0x229a2d]
V  [jvm.dll+0x227bdc]
V  [jvm.dll+0x7ec1f7]
V  [jvm.dll+0x7e65dc]
V  [jvm.dll+0x67e7f7]
C  [ucrtbase.dll+0x37b0]
C  [KERNEL32.DLL+0x2e8d7]
C  [ntdll.dll+0x3c34c]


---------------  P R O C E S S  ---------------

Threads class SMR info:
_java_thread_list=0x000001c5db92e8b0, length=141, elements={
0x000001c5ee3aaca0, 0x000001c591927650, 0x000001c591928c90, 0x000001c591940800,
0x000001c5919430e0, 0x000001c591944520, 0x000001c591946970, 0x000001c59194a0f0,
0x000001c591953580, 0x000001c591961380, 0x000001c5919142a0, 0x000001c591c965f0,
0x000001c5d9656d40, 0x000001c5d9d74700, 0x000001c5d870e730, 0x000001c5d8561440,
0x000001c5d94a2430, 0x000001c5d7f4ae20, 0x000001c5d7f49ef0, 0x000001c5d7f48090,
0x000001c5d7f485a0, 0x000001c5d7f48fc0, 0x000001c5d7f494d0, 0x000001c5d7f499e0,
0x000001c5d7f4a400, 0x000001c5db14b830, 0x000001c5db14a900, 0x000001c5db148590,
0x000001c5db148aa0, 0x000001c5db772550, 0x000001c5db771620, 0x000001c5db770c00,
0x000001c5db76fcd0, 0x000001c5db7748c0, 0x000001c5db773990, 0x000001c5db773ea0,
0x000001c5db7743b0, 0x000001c5dc870df0, 0x000001c5dca99890, 0x000001c5dca99da0,
0x000001c5dca9df70, 0x000001c5dca9e990, 0x000001c5dca9eea0, 0x000001c5d7ad9010,
0x000001c5dca9bc00, 0x000001c5d7ad5d70, 0x000001c5d8d48100, 0x000001c5d8d4b3a0,
0x000001c5d8d49540, 0x000001c5d8d49a50, 0x000001c5d8d4bdc0, 0x000001c5d8d49f60,
0x000001c5d7ad6ca0, 0x000001c5d8d462a0, 0x000001c5d8d45880, 0x000001c5dc873670,
0x000001c5dc874fc0, 0x000001c5d8d476e0, 0x000001c5dc874090, 0x000001c5d8d45d90,
0x000001c5d7ad85f0, 0x000001c5d8d4a470, 0x000001c5db775d00, 0x000001c5dc876400,
0x000001c5e4ee4e70, 0x000001c5e4edfd70, 0x000001c5e4ee20e0, 0x000001c5e4ee71e0,
0x000001c5e4ee5da0, 0x000001c5e4ee0790, 0x000001c5db28dcc0, 0x000001c5db28f100,
0x000001c5dbeaf380, 0x000001c5dbeb0cd0, 0x000001c5dbeb02b0, 0x000001c5db28c370,
0x000001c5db292dc0, 0x000001c5db290030, 0x000001c5e41b3fc0, 0x000001c5e41b49e0,
0x000001c5e41b44d0, 0x000001c5da8ac830, 0x000001c5da8ae180, 0x000001c5da8aaee0,
0x000001c5da8acd40, 0x000001c5da8ad250, 0x000001c5dbeaf890, 0x000001c5dbeafda0,
0x000001c5dbeb07c0, 0x000001c5da8ab3f0, 0x000001c5da8abe10, 0x000001c5e4aad4a0,
0x000001c5e6c93490, 0x000001c5e6c92f80, 0x000001c5dcb7ea90, 0x000001c5dcb7e070,
0x000001c5dcb7e580, 0x000001c5e5f90500, 0x000001c5e5f8f0c0, 0x000001c5e5f8e190,
0x000001c5e5f8fae0, 0x000001c5e5f8fff0, 0x000001c5e5f8e6a0, 0x000001c5e5f91940,
0x000001c5e5f91430, 0x000001c5e4aaca80, 0x000001c5e4aacf90, 0x000001c5e4aac570,
0x000001c5e4aac060, 0x000001c5e5fe1f50, 0x000001c5e5fe0b10, 0x000001c5e5fe2970,
0x000001c5e5fe1a40, 0x000001c5e5fe2460, 0x000001c5e5fe3390, 0x000001c5e5fe2e80,
0x000001c5e5fe38a0, 0x000001c5db293cf0, 0x000001c5db290540, 0x000001c5db291e90,
0x000001c5db291470, 0x000001c5da8ad760, 0x000001c5da8adc70, 0x000001c5da8ae690,
0x000001c5da8ac320, 0x000001c5da8ab900, 0x000001c5e6e1b180, 0x000001c5e6e1ac70,
0x000001c5e6e1da00, 0x000001c5e5fe00f0, 0x000001c5e5fe0600, 0x000001c5e5fe1020,
0x000001c5e5fe1530, 0x000001c5dbceba00, 0x000001c5dbceb4f0, 0x000001c5dbcea0b0,
0x000001c5dbcea5c0, 0x000001c5dbceaad0, 0x000001c5dbceafe0, 0x000001c5daaa5aa0,
0x000001c5e6b39aa0
}

Java Threads: ( => current thread )
  0x000001c5ee3aaca0 JavaThread "main" [_thread_blocked, id=15708, stack(0x0000003789700000,0x0000003789800000)]
  0x000001c591927650 JavaThread "Reference Handler" daemon [_thread_blocked, id=15604, stack(0x0000003789e00000,0x0000003789f00000)]
  0x000001c591928c90 JavaThread "Finalizer" daemon [_thread_blocked, id=15540, stack(0x0000003789f00000,0x000000378a000000)]
  0x000001c591940800 JavaThread "Signal Dispatcher" daemon [_thread_blocked, id=19268, stack(0x000000378a000000,0x000000378a100000)]
  0x000001c5919430e0 JavaThread "Attach Listener" daemon [_thread_blocked, id=19284, stack(0x000000378a100000,0x000000378a200000)]
  0x000001c591944520 JavaThread "Service Thread" daemon [_thread_blocked, id=17760, stack(0x000000378a200000,0x000000378a300000)]
  0x000001c591946970 JavaThread "Monitor Deflation Thread" daemon [_thread_blocked, id=8880, stack(0x000000378a300000,0x000000378a400000)]
=>0x000001c59194a0f0 JavaThread "C2 CompilerThread0" daemon [_thread_in_native, id=19424, stack(0x000000378a400000,0x000000378a500000)]
  0x000001c591953580 JavaThread "C1 CompilerThread0" daemon [_thread_in_native, id=13084, stack(0x000000378a500000,0x000000378a600000)]
  0x000001c591961380 JavaThread "Sweeper thread" daemon [_thread_blocked, id=19272, stack(0x000000378a600000,0x000000378a700000)]
  0x000001c5919142a0 JavaThread "Common-Cleaner" daemon [_thread_blocked, id=3404, stack(0x000000378a700000,0x000000378a800000)]
  0x000001c591c965f0 JavaThread "Notification Thread" daemon [_thread_blocked, id=17980, stack(0x000000378a800000,0x000000378a900000)]
  0x000001c5d9656d40 JavaThread "Daemon health stats" [_thread_blocked, id=1588, stack(0x000000378b000000,0x000000378b100000)]
  0x000001c5d9d74700 JavaThread "Incoming local TCP Connector on port 61080" [_thread_in_native, id=8260, stack(0x000000378b100000,0x000000378b200000)]
  0x000001c5d870e730 JavaThread "Daemon periodic checks" [_thread_blocked, id=14104, stack(0x000000378b200000,0x000000378b300000)]
  0x000001c5d8561440 JavaThread "Daemon" [_thread_blocked, id=17004, stack(0x000000378b300000,0x000000378b400000)]
  0x000001c5d94a2430 JavaThread "Daemon worker" [_thread_in_Java, id=3820, stack(0x000000378b600000,0x000000378b700000)]
  0x000001c5d7f4ae20 JavaThread "Cache worker for journal cache (C:\Users\AkashK\.gradle\caches\journal-1)" [_thread_blocked, id=8696, stack(0x000000378ba00000,0x000000378bb00000)]
  0x000001c5d7f49ef0 JavaThread "File lock request listener" [_thread_in_native, id=17904, stack(0x000000378bb00000,0x000000378bc00000)]
  0x000001c5d7f48090 JavaThread "Cache worker for file hash cache (C:\Users\AkashK\.gradle\caches\8.3\fileHashes)" [_thread_blocked, id=12552, stack(0x000000378c100000,0x000000378c200000)]
  0x000001c5d7f485a0 JavaThread "File watcher server" daemon [_thread_in_native, id=5092, stack(0x000000378c200000,0x000000378c300000)]
  0x000001c5d7f48fc0 JavaThread "File watcher consumer" daemon [_thread_blocked, id=8076, stack(0x000000378c300000,0x000000378c400000)]
  0x000001c5d7f494d0 JavaThread "jar transforms" [_thread_blocked, id=18100, stack(0x000000378c400000,0x000000378c500000)]
  0x000001c5d7f499e0 JavaThread "jar transforms Thread 2" [_thread_blocked, id=17784, stack(0x000000378c500000,0x000000378c600000)]
  0x000001c5d7f4a400 JavaThread "jar transforms Thread 3" [_thread_blocked, id=2872, stack(0x000000378c600000,0x000000378c700000)]
  0x000001c5db14b830 JavaThread "Cache worker for file content cache (C:\Users\AkashK\.gradle\caches\8.3\fileContent)" [_thread_blocked, id=12472, stack(0x000000378cc00000,0x000000378cd00000)]
  0x000001c5db14a900 JavaThread "Cache worker for execution history cache (C:\Users\AkashK\.gradle\caches\8.3\executionHistory)" [_thread_blocked, id=14688, stack(0x000000378ce00000,0x000000378cf00000)]
  0x000001c5db148590 JavaThread "jar transforms Thread 4" [_thread_blocked, id=17820, stack(0x000000378cf00000,0x000000378d000000)]
  0x000001c5db148aa0 JavaThread "jar transforms Thread 5" [_thread_blocked, id=18900, stack(0x000000378d000000,0x000000378d100000)]
  0x000001c5db772550 JavaThread "jar transforms Thread 6" [_thread_blocked, id=17248, stack(0x000000378d100000,0x000000378d200000)]
  0x000001c5db771620 JavaThread "jar transforms Thread 7" [_thread_blocked, id=18988, stack(0x000000378d200000,0x000000378d300000)]
  0x000001c5db770c00 JavaThread "jar transforms Thread 8" [_thread_blocked, id=18992, stack(0x000000378d300000,0x000000378d400000)]
  0x000001c5db76fcd0 JavaThread "jar transforms Thread 9" [_thread_blocked, id=1240, stack(0x000000378d400000,0x000000378d500000)]
  0x000001c5db7748c0 JavaThread "jar transforms Thread 10" [_thread_blocked, id=18372, stack(0x000000378d500000,0x000000378d600000)]
  0x000001c5db773990 JavaThread "Cache worker for kotlin-dsl (C:\Users\AkashK\.gradle\caches\8.3\kotlin-dsl)" [_thread_blocked, id=16816, stack(0x000000378d600000,0x000000378d700000)]
  0x000001c5db773ea0 JavaThread "jar transforms Thread 11" [_thread_blocked, id=8444, stack(0x000000378d700000,0x000000378d800000)]
  0x000001c5db7743b0 JavaThread "jar transforms Thread 12" [_thread_blocked, id=2672, stack(0x000000378d800000,0x000000378d900000)]
  0x000001c5dc870df0 JavaThread "Memory manager" [_thread_blocked, id=6212, stack(0x000000378e600000,0x000000378e700000)]
  0x000001c5dca99890 JavaThread "RMI Scheduler(0)" daemon [_thread_blocked, id=17188, stack(0x000000378aa00000,0x000000378ab00000)]
  0x000001c5dca99da0 JavaThread "RMI GC Daemon" daemon [_thread_blocked, id=17372, stack(0x0000003791800000,0x0000003791900000)]
  0x000001c5dca9df70 JavaThread "RMI TCP Accept-0" daemon [_thread_in_native, id=18092, stack(0x0000003791900000,0x0000003791a00000)]
  0x000001c5dca9e990 JavaThread "RMI Reaper" [_thread_blocked, id=19244, stack(0x0000003791a00000,0x0000003791b00000)]
  0x000001c5dca9eea0 JavaThread "RMI TCP Connection(2)-127.0.0.1" daemon [_thread_in_native, id=11288, stack(0x0000003791b00000,0x0000003791c00000)]
  0x000001c5d7ad9010 JavaThread "included builds" [_thread_blocked, id=19320, stack(0x000000378ea00000,0x000000378eb00000)]
  0x000001c5dca9bc00 JavaThread "included builds" [_thread_blocked, id=17932, stack(0x000000378ee00000,0x000000378ef00000)]
  0x000001c5d7ad5d70 JavaThread "included builds" [_thread_blocked, id=18868, stack(0x000000378ef00000,0x000000378f000000)]
  0x000001c5d8d48100 JavaThread "included builds" [_thread_blocked, id=18328, stack(0x000000378f000000,0x000000378f100000)]
  0x000001c5d8d4b3a0 JavaThread "included builds" [_thread_blocked, id=13348, stack(0x000000378f100000,0x000000378f200000)]
  0x000001c5d8d49540 JavaThread "included builds" [_thread_blocked, id=15640, stack(0x000000378f200000,0x000000378f300000)]
  0x000001c5d8d49a50 JavaThread "included builds" [_thread_blocked, id=18340, stack(0x000000378f300000,0x000000378f400000)]
  0x000001c5d8d4bdc0 JavaThread "included builds" [_thread_blocked, id=6248, stack(0x000000378ed00000,0x000000378ee00000)]
  0x000001c5d8d49f60 JavaThread "included builds" [_thread_blocked, id=17900, stack(0x000000378f400000,0x000000378f500000)]
  0x000001c5d7ad6ca0 JavaThread "included builds" [_thread_blocked, id=17780, stack(0x000000378f600000,0x000000378f700000)]
  0x000001c5d8d462a0 JavaThread "included builds" [_thread_blocked, id=13700, stack(0x000000378f700000,0x000000378f800000)]
  0x000001c5d8d45880 JavaThread "included builds" [_thread_blocked, id=18996, stack(0x000000378f800000,0x000000378f900000)]
  0x000001c5dc873670 JavaThread "included builds" [_thread_blocked, id=18304, stack(0x000000378f900000,0x000000378fa00000)]
  0x000001c5dc874fc0 JavaThread "included builds" [_thread_blocked, id=3852, stack(0x000000378fa00000,0x000000378fb00000)]
  0x000001c5d8d476e0 JavaThread "included builds" [_thread_blocked, id=19704, stack(0x000000378f500000,0x000000378f600000)]
  0x000001c5dc874090 JavaThread "included builds" [_thread_blocked, id=20208, stack(0x000000378fb00000,0x000000378fc00000)]
  0x000001c5d8d45d90 JavaThread "included builds" [_thread_blocked, id=12132, stack(0x000000378fc00000,0x000000378fd00000)]
  0x000001c5d7ad85f0 JavaThread "File lock release action executor" [_thread_blocked, id=4332, stack(0x000000378ab00000,0x000000378ac00000)]
  0x000001c5d8d4a470 JavaThread "included builds" [_thread_blocked, id=19152, stack(0x000000378ec00000,0x000000378ed00000)]
  0x000001c5db775d00 JavaThread "RMI TCP Accept-0" daemon [_thread_in_native, id=20072, stack(0x0000003792700000,0x0000003792800000)]
  0x000001c5dc876400 JavaThread "included builds" [_thread_blocked, id=20272, stack(0x000000378fd00000,0x000000378fe00000)]
  0x000001c5e4ee4e70 JavaThread "included builds" [_thread_blocked, id=19676, stack(0x000000378fe00000,0x000000378ff00000)]
  0x000001c5e4edfd70 JavaThread "included builds" [_thread_blocked, id=19772, stack(0x000000378ff00000,0x0000003790000000)]
  0x000001c5e4ee20e0 JavaThread "included builds" [_thread_blocked, id=18700, stack(0x000000378eb00000,0x000000378ec00000)]
  0x000001c5e4ee71e0 JavaThread "included builds" [_thread_blocked, id=20436, stack(0x0000003790100000,0x0000003790200000)]
  0x000001c5e4ee5da0 JavaThread "included builds" [_thread_blocked, id=17320, stack(0x000000378e800000,0x000000378e900000)]
  0x000001c5e4ee0790 JavaThread "included builds" [_thread_blocked, id=19868, stack(0x0000003790000000,0x0000003790100000)]
  0x000001c5db28dcc0 JavaThread "Handler for socket connection from /127.0.0.1:61080 to /127.0.0.1:61331" [_thread_in_native, id=20136, stack(0x0000003789400000,0x0000003789500000)]
  0x000001c5db28f100 JavaThread "Cancel handler" [_thread_blocked, id=19732, stack(0x0000003789500000,0x0000003789600000)]
  0x000001c5dbeaf380 JavaThread "Asynchronous log dispatcher for DefaultDaemonConnection: socket connection from /127.0.0.1:61080 to /127.0.0.1:61331" [_thread_blocked, id=19228, stack(0x0000003789600000,0x0000003789700000)]
  0x000001c5dbeb0cd0 JavaThread "Stdin handler" [_thread_blocked, id=6732, stack(0x000000378b400000,0x000000378b500000)]
  0x000001c5dbeb02b0 JavaThread "Daemon client event forwarder" [_thread_blocked, id=4648, stack(0x000000378b500000,0x000000378b600000)]
  0x000001c5db28c370 JavaThread "Cache worker for checksums cache (C:\Users\AkashK\Downloads\Flutter-Bsics-main\Flutter Tutorials\flutter_center\android\.gradle\8.3\checksums)" [_thread_blocked, id=19784, stack(0x000000378b700000,0x000000378b800000)]
  0x000001c5db292dc0 JavaThread "Cache worker for file hash cache (C:\Users\AkashK\Downloads\Flutter-Bsics-main\Flutter Tutorials\flutter_center\android\.gradle\8.3\fileHashes)" [_thread_blocked, id=19588, stack(0x000000378b800000,0x000000378b900000)]
  0x000001c5db290030 JavaThread "Cache worker for cache directory md-supplier (C:\Users\AkashK\.gradle\caches\8.3\md-supplier)" [_thread_blocked, id=8816, stack(0x000000378ca00000,0x000000378cb00000)]
  0x000001c5e41b3fc0 JavaThread "Cache worker for cache directory md-rule (C:\Users\AkashK\.gradle\caches\8.3\md-rule)" [_thread_blocked, id=19940, stack(0x000000378cb00000,0x000000378cc00000)]
  0x000001c5e41b49e0 JavaThread "Cache worker for dependencies-accessors (C:\Users\AkashK\Downloads\Flutter-Bsics-main\Flutter Tutorials\flutter_center\android\.gradle\8.3\dependencies-accessors)" [_thread_blocked, id=15628, stack(0x000000378cd00000,0x000000378ce00000)]
  0x000001c5e41b44d0 JavaThread "Cache worker for Build Output Cleanup Cache (C:\SDK\flutter\packages\flutter_tools\gradle\.gradle\buildOutputCleanup)" [_thread_blocked, id=13932, stack(0x000000378d900000,0x000000378da00000)]
  0x000001c5da8ac830 JavaThread "Unconstrained build operations" [_thread_blocked, id=20220, stack(0x000000378da00000,0x000000378db00000)]
  0x000001c5da8ae180 JavaThread "Unconstrained build operations Thread 2" [_thread_blocked, id=20264, stack(0x000000378db00000,0x000000378dc00000)]
  0x000001c5da8aaee0 JavaThread "Unconstrained build operations Thread 3" [_thread_blocked, id=3412, stack(0x000000378dc00000,0x000000378dd00000)]
  0x000001c5da8acd40 JavaThread "Unconstrained build operations Thread 4" [_thread_blocked, id=5032, stack(0x000000378dd00000,0x000000378de00000)]
  0x000001c5da8ad250 JavaThread "Unconstrained build operations Thread 5" [_thread_blocked, id=18324, stack(0x000000378de00000,0x000000378df00000)]
  0x000001c5dbeaf890 JavaThread "Unconstrained build operations Thread 6" [_thread_blocked, id=20344, stack(0x000000378df00000,0x000000378e000000)]
  0x000001c5dbeafda0 JavaThread "Unconstrained build operations Thread 7" [_thread_blocked, id=20228, stack(0x000000378e000000,0x000000378e100000)]
  0x000001c5dbeb07c0 JavaThread "Unconstrained build operations Thread 8" [_thread_blocked, id=16276, stack(0x000000378e100000,0x000000378e200000)]
  0x000001c5da8ab3f0 JavaThread "Unconstrained build operations Thread 9" [_thread_blocked, id=19608, stack(0x000000378e200000,0x000000378e300000)]
  0x000001c5da8abe10 JavaThread "Unconstrained build operations Thread 10" [_thread_blocked, id=20200, stack(0x000000378e300000,0x000000378e400000)]
  0x000001c5e4aad4a0 JavaThread "Unconstrained build operations Thread 11" [_thread_blocked, id=10092, stack(0x000000378e400000,0x000000378e500000)]
  0x000001c5e6c93490 JavaThread "build event listener" [_thread_blocked, id=14712, stack(0x000000378e500000,0x000000378e600000)]
  0x000001c5e6c92f80 JavaThread "included builds" [_thread_blocked, id=20300, stack(0x0000003790200000,0x0000003790300000)]
  0x000001c5dcb7ea90 JavaThread "Execution worker" [_thread_blocked, id=12424, stack(0x0000003790300000,0x0000003790400000)]
  0x000001c5dcb7e070 JavaThread "Execution worker Thread 2" [_thread_blocked, id=19900, stack(0x0000003790400000,0x0000003790500000)]
  0x000001c5dcb7e580 JavaThread "Execution worker Thread 3" [_thread_blocked, id=2656, stack(0x0000003790500000,0x0000003790600000)]
  0x000001c5e5f90500 JavaThread "Execution worker Thread 4" [_thread_blocked, id=20256, stack(0x0000003790600000,0x0000003790700000)]
  0x000001c5e5f8f0c0 JavaThread "Execution worker Thread 5" [_thread_blocked, id=18384, stack(0x0000003790700000,0x0000003790800000)]
  0x000001c5e5f8e190 JavaThread "Execution worker Thread 6" [_thread_blocked, id=18084, stack(0x0000003790800000,0x0000003790900000)]
  0x000001c5e5f8fae0 JavaThread "Execution worker Thread 7" [_thread_blocked, id=12052, stack(0x0000003790900000,0x0000003790a00000)]
  0x000001c5e5f8fff0 JavaThread "Execution worker Thread 8" [_thread_blocked, id=17884, stack(0x0000003790a00000,0x0000003790b00000)]
  0x000001c5e5f8e6a0 JavaThread "Execution worker Thread 9" [_thread_blocked, id=3580, stack(0x0000003790b00000,0x0000003790c00000)]
  0x000001c5e5f91940 JavaThread "Execution worker Thread 10" [_thread_blocked, id=5832, stack(0x0000003790c00000,0x0000003790d00000)]
  0x000001c5e5f91430 JavaThread "Execution worker Thread 11" [_thread_blocked, id=19908, stack(0x0000003790d00000,0x0000003790e00000)]
  0x000001c5e4aaca80 JavaThread "Cache worker for execution history cache (C:\SDK\flutter\packages\flutter_tools\gradle\.gradle\8.3\executionHistory)" [_thread_blocked, id=19760, stack(0x0000003790e00000,0x0000003790f00000)]
  0x000001c5e4aacf90 JavaThread "Unconstrained build operations Thread 12" [_thread_blocked, id=19616, stack(0x0000003790f00000,0x0000003791000000)]
  0x000001c5e4aac570 JavaThread "Unconstrained build operations Thread 13" [_thread_blocked, id=20140, stack(0x0000003791000000,0x0000003791100000)]
  0x000001c5e4aac060 JavaThread "Unconstrained build operations Thread 14" [_thread_blocked, id=16988, stack(0x0000003791100000,0x0000003791200000)]
  0x000001c5e5fe1f50 JavaThread "Unconstrained build operations Thread 15" [_thread_blocked, id=19812, stack(0x0000003791200000,0x0000003791300000)]
  0x000001c5e5fe0b10 JavaThread "Unconstrained build operations Thread 16" [_thread_blocked, id=14392, stack(0x0000003791300000,0x0000003791400000)]
  0x000001c5e5fe2970 JavaThread "Unconstrained build operations Thread 17" [_thread_blocked, id=19808, stack(0x0000003791400000,0x0000003791500000)]
  0x000001c5e5fe1a40 JavaThread "Unconstrained build operations Thread 18" [_thread_blocked, id=4560, stack(0x0000003791500000,0x0000003791600000)]
  0x000001c5e5fe2460 JavaThread "Unconstrained build operations Thread 19" [_thread_blocked, id=19840, stack(0x0000003791600000,0x0000003791700000)]
  0x000001c5e5fe3390 JavaThread "Unconstrained build operations Thread 20" [_thread_blocked, id=19644, stack(0x0000003791700000,0x0000003791800000)]
  0x000001c5e5fe2e80 JavaThread "Unconstrained build operations Thread 21" [_thread_blocked, id=4412, stack(0x0000003791c00000,0x0000003791d00000)]
  0x000001c5e5fe38a0 JavaThread "Unconstrained build operations Thread 22" [_thread_blocked, id=19500, stack(0x0000003791d00000,0x0000003791e00000)]
  0x000001c5db293cf0 JavaThread "Unconstrained build operations Thread 23" [_thread_blocked, id=15820, stack(0x0000003791e00000,0x0000003791f00000)]
  0x000001c5db290540 JavaThread "Unconstrained build operations Thread 24" [_thread_blocked, id=14148, stack(0x0000003791f00000,0x0000003792000000)]
  0x000001c5db291e90 JavaThread "Unconstrained build operations Thread 25" [_thread_blocked, id=17168, stack(0x0000003792000000,0x0000003792100000)]
  0x000001c5db291470 JavaThread "Unconstrained build operations Thread 26" [_thread_blocked, id=1724, stack(0x0000003792100000,0x0000003792200000)]
  0x000001c5da8ad760 JavaThread "Unconstrained build operations Thread 27" [_thread_blocked, id=20004, stack(0x0000003792200000,0x0000003792300000)]
  0x000001c5da8adc70 JavaThread "Unconstrained build operations Thread 28" [_thread_blocked, id=19184, stack(0x0000003792300000,0x0000003792400000)]
  0x000001c5da8ae690 JavaThread "Unconstrained build operations Thread 29" [_thread_blocked, id=6972, stack(0x0000003792400000,0x0000003792500000)]
  0x000001c5da8ac320 JavaThread "Unconstrained build operations Thread 30" [_thread_blocked, id=19372, stack(0x0000003792500000,0x0000003792600000)]
  0x000001c5da8ab900 JavaThread "Unconstrained build operations Thread 31" [_thread_blocked, id=20032, stack(0x0000003792600000,0x0000003792700000)]
  0x000001c5e6e1b180 JavaThread "Unconstrained build operations Thread 32" [_thread_blocked, id=2928, stack(0x0000003792800000,0x0000003792900000)]
  0x000001c5e6e1ac70 JavaThread "Unconstrained build operations Thread 33" [_thread_blocked, id=19968, stack(0x0000003792900000,0x0000003792a00000)]
  0x000001c5e6e1da00 JavaThread "Unconstrained build operations Thread 34" [_thread_blocked, id=20412, stack(0x0000003792a00000,0x0000003792b00000)]
  0x000001c5e5fe00f0 JavaThread "Unconstrained build operations Thread 35" [_thread_blocked, id=20168, stack(0x0000003792b00000,0x0000003792c00000)]
  0x000001c5e5fe0600 JavaThread "Unconstrained build operations Thread 36" [_thread_blocked, id=19368, stack(0x0000003792c00000,0x0000003792d00000)]
  0x000001c5e5fe1020 JavaThread "Unconstrained build operations Thread 37" [_thread_blocked, id=20424, stack(0x0000003792d00000,0x0000003792e00000)]
  0x000001c5e5fe1530 JavaThread "Unconstrained build operations Thread 38" [_thread_blocked, id=1164, stack(0x0000003792e00000,0x0000003792f00000)]
  0x000001c5dbceba00 JavaThread "Unconstrained build operations Thread 39" [_thread_blocked, id=19888, stack(0x0000003792f00000,0x0000003793000000)]
  0x000001c5dbceb4f0 JavaThread "Unconstrained build operations Thread 40" [_thread_blocked, id=20456, stack(0x0000003793000000,0x0000003793100000)]
  0x000001c5dbcea0b0 JavaThread "Unconstrained build operations Thread 41" [_thread_blocked, id=20356, stack(0x0000003793100000,0x0000003793200000)]
  0x000001c5dbcea5c0 JavaThread "Unconstrained build operations Thread 42" [_thread_blocked, id=19956, stack(0x0000003793200000,0x0000003793300000)]
  0x000001c5dbceaad0 JavaThread "Unconstrained build operations Thread 43" [_thread_blocked, id=20320, stack(0x0000003793300000,0x0000003793400000)]
  0x000001c5dbceafe0 JavaThread "Unconstrained build operations Thread 44" [_thread_blocked, id=19848, stack(0x0000003793400000,0x0000003793500000)]
  0x000001c5daaa5aa0 JavaThread "Unconstrained build operations Thread 45" [_thread_blocked, id=20472, stack(0x0000003793500000,0x0000003793600000)]
  0x000001c5e6b39aa0 JavaThread "Cache worker for Build Output Cleanup Cache (C:\Users\AkashK\Downloads\Flutter-Bsics-main\Flutter Tutorials\flutter_center\android\.gradle\buildOutputCleanup)" [_thread_blocked, id=15104, stack(0x000000378e700000,0x000000378e800000)]

Other Threads:
  0x000001c591923580 VMThread "VM Thread" [stack: 0x0000003789d00000,0x0000003789e00000] [id=14252]
  0x000001c591c96ad0 WatcherThread [stack: 0x000000378a900000,0x000000378aa00000] [id=16012]
  0x000001c5ee41d610 GCTaskThread "GC Thread#0" [stack: 0x0000003789800000,0x0000003789900000] [id=18076]
  0x000001c5d794d1a0 GCTaskThread "GC Thread#1" [stack: 0x000000378ac00000,0x000000378ad00000] [id=14024]
  0x000001c5d794d460 GCTaskThread "GC Thread#2" [stack: 0x000000378ad00000,0x000000378ae00000] [id=17556]
  0x000001c5d73217a0 GCTaskThread "GC Thread#3" [stack: 0x000000378ae00000,0x000000378af00000] [id=17360]
  0x000001c5d71a8800 GCTaskThread "GC Thread#4" [stack: 0x000000378af00000,0x000000378b000000] [id=11172]
  0x000001c5d8bae020 GCTaskThread "GC Thread#5" [stack: 0x000000378bc00000,0x000000378bd00000] [id=18260]
  0x000001c5d8f67db0 GCTaskThread "GC Thread#6" [stack: 0x000000378bd00000,0x000000378be00000] [id=16908]
  0x000001c5da2a2900 GCTaskThread "GC Thread#7" [stack: 0x000000378be00000,0x000000378bf00000] [id=18008]
  0x000001c5da2a2bc0 GCTaskThread "GC Thread#8" [stack: 0x000000378bf00000,0x000000378c000000] [id=14268]
  0x000001c5d8eb5a60 GCTaskThread "GC Thread#9" [stack: 0x000000378c000000,0x000000378c100000] [id=16880]
  0x000001c5ee42f140 ConcurrentGCThread "G1 Main Marker" [stack: 0x0000003789900000,0x0000003789a00000] [id=6548]
  0x000001c5ee42fa70 ConcurrentGCThread "G1 Conc#0" [stack: 0x0000003789a00000,0x0000003789b00000] [id=6604]
  0x000001c5db883100 ConcurrentGCThread "G1 Conc#1" [stack: 0x000000378c700000,0x000000378c800000] [id=16840]
  0x000001c5db883680 ConcurrentGCThread "G1 Conc#2" [stack: 0x000000378c800000,0x000000378c900000] [id=15460]
  0x000001c5917deb20 ConcurrentGCThread "G1 Refine#0" [stack: 0x0000003789b00000,0x0000003789c00000] [id=17860]
  0x000001c5917e0310 ConcurrentGCThread "G1 Service" [stack: 0x0000003789c00000,0x0000003789d00000] [id=16488]

Threads with active compile tasks:
C2 CompilerThread0    90659 31768       4       org.gradle.internal.instantiation.generator.AsmBackedClassGenerator$ClassBuilderImpl$37::<init> (403 bytes)

VM state: not at safepoint (normal execution)

VM Mutex/Monitor currently owned by a thread: None

Heap address: 0x0000000700000000, size: 4096 MB, Compressed Oops mode: Zero based, Oop shift amount: 3

CDS archive(s) mapped at: [0x000001c592000000-0x000001c592bb0000-0x000001c592bb0000), size 12255232, SharedBaseAddress: 0x000001c592000000, ArchiveRelocationMode: 1.
Compressed class space mapped at: 0x000001c593000000-0x000001c5d3000000, reserved size: 1073741824
Narrow klass base: 0x000001c592000000, Narrow klass shift: 0, Narrow klass range: 0x100000000

GC Precious Log:
 CPUs: 12 total, 12 available
 Memory: 8106M
 Large Page Support: Disabled
 NUMA Support: Disabled
 Compressed Oops: Enabled (Zero based)
 Heap Region Size: 2M
 Heap Min Capacity: 8M
 Heap Initial Capacity: 128M
 Heap Max Capacity: 4G
 Pre-touch: Disabled
 Parallel Workers: 10
 Concurrent Workers: 3
 Concurrent Refinement Workers: 10
 Periodic GC: Disabled

Heap:
 garbage-first heap   total 755712K, used 291232K [0x0000000700000000, 0x0000000800000000)
  region size 2048K, 3 young (6144K), 2 survivors (4096K)
 Metaspace       used 254897K, committed 258112K, reserved 1310720K
  class space    used 34931K, committed 36480K, reserved 1048576K

Heap Regions: E=young(eden), S=young(survivor), O=old, HS=humongous(starts), HC=humongous(continues), CS=collection set, F=free, OA=open archive, CA=closed archive, TAMS=top-at-mark-start (previous, next)
|   0|0x0000000700000000, 0x0000000700200000, 0x0000000700200000|100%|HS|  |TAMS 0x0000000700200000, 0x0000000700000000| Complete 
|   1|0x0000000700200000, 0x0000000700400000, 0x0000000700400000|100%|HC|  |TAMS 0x0000000700400000, 0x0000000700200000| Complete 
|   2|0x0000000700400000, 0x0000000700600000, 0x0000000700600000|100%| O|  |TAMS 0x0000000700600000, 0x0000000700400000| Untracked 
|   3|0x0000000700600000, 0x0000000700800000, 0x0000000700800000|100%| O|  |TAMS 0x0000000700800000, 0x0000000700600000| Untracked 
|   4|0x0000000700800000, 0x0000000700a00000, 0x0000000700a00000|100%| O|  |TAMS 0x0000000700a00000, 0x0000000700800000| Untracked 
|   5|0x0000000700a00000, 0x0000000700c00000, 0x0000000700c00000|100%| O|  |TAMS 0x0000000700c00000, 0x0000000700a00000| Untracked 
|   6|0x0000000700c00000, 0x0000000700e00000, 0x0000000700e00000|100%| O|  |TAMS 0x0000000700e00000, 0x0000000700c00000| Untracked 
|   7|0x0000000700e00000, 0x0000000701000000, 0x0000000701000000|100%| O|  |TAMS 0x0000000701000000, 0x0000000700e00000| Untracked 
|   8|0x0000000701000000, 0x0000000701200000, 0x0000000701200000|100%| O|  |TAMS 0x0000000701200000, 0x0000000701000000| Untracked 
|   9|0x0000000701200000, 0x0000000701400000, 0x0000000701400000|100%| O|  |TAMS 0x0000000701400000, 0x0000000701200000| Untracked 
|  10|0x0000000701400000, 0x0000000701600000, 0x0000000701600000|100%| O|  |TAMS 0x0000000701600000, 0x0000000701400000| Untracked 
|  11|0x0000000701600000, 0x0000000701800000, 0x0000000701800000|100%| O|  |TAMS 0x0000000701800000, 0x0000000701600000| Untracked 
|  12|0x0000000701800000, 0x0000000701a00000, 0x0000000701a00000|100%| O|  |TAMS 0x0000000701a00000, 0x0000000701800000| Untracked 
|  13|0x0000000701a00000, 0x0000000701c00000, 0x0000000701c00000|100%|HS|  |TAMS 0x0000000701c00000, 0x0000000701a00000| Complete 
|  14|0x0000000701c00000, 0x0000000701e00000, 0x0000000701e00000|100%| O|  |TAMS 0x0000000701e00000, 0x0000000701c00000| Untracked 
|  15|0x0000000701e00000, 0x0000000702000000, 0x0000000702000000|100%| O|  |TAMS 0x0000000702000000, 0x0000000701e00000| Untracked 
|  16|0x0000000702000000, 0x0000000702200000, 0x0000000702200000|100%| O|  |TAMS 0x0000000702200000, 0x0000000702000000| Untracked 
|  17|0x0000000702200000, 0x0000000702400000, 0x0000000702400000|100%| O|  |TAMS 0x0000000702400000, 0x0000000702200000| Untracked 
|  18|0x0000000702400000, 0x0000000702600000, 0x0000000702600000|100%| O|  |TAMS 0x0000000702600000, 0x0000000702400000| Untracked 
|  19|0x0000000702600000, 0x0000000702800000, 0x0000000702800000|100%|HS|  |TAMS 0x0000000702800000, 0x0000000702600000| Complete 
|  20|0x0000000702800000, 0x0000000702a00000, 0x0000000702a00000|100%|HS|  |TAMS 0x0000000702a00000, 0x0000000702800000| Complete 
|  21|0x0000000702a00000, 0x0000000702c00000, 0x0000000702c00000|100%|HC|  |TAMS 0x0000000702c00000, 0x0000000702a00000| Complete 
|  22|0x0000000702c00000, 0x0000000702e00000, 0x0000000702e00000|100%|HS|  |TAMS 0x0000000702e00000, 0x0000000702c00000| Complete 
|  23|0x0000000702e00000, 0x0000000703000000, 0x0000000703000000|100%|HC|  |TAMS 0x0000000703000000, 0x0000000702e00000| Complete 
|  24|0x0000000703000000, 0x0000000703200000, 0x0000000703200000|100%| O|  |TAMS 0x0000000703200000, 0x0000000703000000| Untracked 
|  25|0x0000000703200000, 0x0000000703400000, 0x0000000703400000|100%| O|  |TAMS 0x0000000703400000, 0x0000000703200000| Untracked 
|  26|0x0000000703400000, 0x0000000703600000, 0x0000000703600000|100%| O|  |TAMS 0x0000000703600000, 0x0000000703400000| Untracked 
|  27|0x0000000703600000, 0x0000000703800000, 0x0000000703800000|100%| O|  |TAMS 0x0000000703800000, 0x0000000703600000| Untracked 
|  28|0x0000000703800000, 0x0000000703a00000, 0x0000000703a00000|100%| O|  |TAMS 0x0000000703a00000, 0x0000000703800000| Untracked 
|  29|0x0000000703a00000, 0x0000000703c00000, 0x0000000703c00000|100%| O|  |TAMS 0x0000000703c00000, 0x0000000703a00000| Untracked 
|  30|0x0000000703c00000, 0x0000000703e00000, 0x0000000703e00000|100%| O|  |TAMS 0x0000000703e00000, 0x0000000703c00000| Untracked 
|  31|0x0000000703e00000, 0x0000000704000000, 0x0000000704000000|100%| O|  |TAMS 0x0000000704000000, 0x0000000703e00000| Untracked 
|  32|0x0000000704000000, 0x0000000704200000, 0x0000000704200000|100%| O|  |TAMS 0x0000000704200000, 0x0000000704000000| Untracked 
|  33|0x0000000704200000, 0x0000000704400000, 0x0000000704400000|100%| O|  |TAMS 0x0000000704400000, 0x0000000704200000| Untracked 
|  34|0x0000000704400000, 0x0000000704600000, 0x0000000704600000|100%|HS|  |TAMS 0x0000000704600000, 0x0000000704400000| Complete 
|  35|0x0000000704600000, 0x0000000704800000, 0x0000000704800000|100%|HS|  |TAMS 0x0000000704800000, 0x0000000704600000| Complete 
|  36|0x0000000704800000, 0x0000000704a00000, 0x0000000704a00000|100%|HC|  |TAMS 0x0000000704a00000, 0x0000000704800000| Complete 
|  37|0x0000000704a00000, 0x0000000704c00000, 0x0000000704c00000|100%|HS|  |TAMS 0x0000000704c00000, 0x0000000704a00000| Complete 
|  38|0x0000000704c00000, 0x0000000704e00000, 0x0000000704e00000|100%| O|  |TAMS 0x0000000704e00000, 0x0000000704c00000| Untracked 
|  39|0x0000000704e00000, 0x0000000705000000, 0x0000000705000000|100%| O|  |TAMS 0x0000000705000000, 0x0000000704e00000| Untracked 
|  40|0x0000000705000000, 0x0000000705200000, 0x0000000705200000|100%| O|  |TAMS 0x0000000705200000, 0x0000000705000000| Untracked 
|  41|0x0000000705200000, 0x0000000705400000, 0x0000000705400000|100%| O|  |TAMS 0x0000000705400000, 0x0000000705200000| Untracked 
|  42|0x0000000705400000, 0x0000000705600000, 0x0000000705600000|100%| O|  |TAMS 0x0000000705600000, 0x0000000705400000| Untracked 
|  43|0x0000000705600000, 0x0000000705800000, 0x0000000705800000|100%| O|  |TAMS 0x0000000705800000, 0x0000000705600000| Untracked 
|  44|0x0000000705800000, 0x0000000705a00000, 0x0000000705a00000|100%| O|  |TAMS 0x0000000705a00000, 0x0000000705800000| Untracked 
|  45|0x0000000705a00000, 0x0000000705c00000, 0x0000000705c00000|100%| O|  |TAMS 0x0000000705c00000, 0x0000000705a00000| Untracked 
|  46|0x0000000705c00000, 0x0000000705e00000, 0x0000000705e00000|100%| O|  |TAMS 0x0000000705e00000, 0x0000000705c00000| Untracked 
|  47|0x0000000705e00000, 0x0000000706000000, 0x0000000706000000|100%| O|  |TAMS 0x0000000706000000, 0x0000000705e00000| Untracked 
|  48|0x0000000706000000, 0x0000000706200000, 0x0000000706200000|100%| O|  |TAMS 0x0000000706200000, 0x0000000706000000| Untracked 
|  49|0x0000000706200000, 0x0000000706400000, 0x0000000706400000|100%| O|  |TAMS 0x0000000706400000, 0x0000000706200000| Untracked 
|  50|0x0000000706400000, 0x0000000706600000, 0x0000000706600000|100%| O|  |TAMS 0x0000000706400000, 0x0000000706400000| Untracked 
|  51|0x0000000706600000, 0x0000000706800000, 0x0000000706800000|100%|HS|  |TAMS 0x0000000706800000, 0x0000000706600000| Complete 
|  52|0x0000000706800000, 0x0000000706a00000, 0x0000000706a00000|100%|HC|  |TAMS 0x0000000706a00000, 0x0000000706800000| Complete 
|  53|0x0000000706a00000, 0x0000000706c00000, 0x0000000706c00000|100%| O|  |TAMS 0x0000000706c00000, 0x0000000706a00000| Untracked 
|  54|0x0000000706c00000, 0x0000000706e00000, 0x0000000706e00000|100%| O|  |TAMS 0x0000000706e00000, 0x0000000706c00000| Untracked 
|  55|0x0000000706e00000, 0x0000000707000000, 0x0000000707000000|100%| O|  |TAMS 0x0000000707000000, 0x0000000706e00000| Untracked 
|  56|0x0000000707000000, 0x0000000707200000, 0x0000000707200000|100%| O|  |TAMS 0x0000000707200000, 0x0000000707000000| Untracked 
|  57|0x0000000707200000, 0x0000000707400000, 0x0000000707400000|100%| O|  |TAMS 0x0000000707400000, 0x0000000707200000| Untracked 
|  58|0x0000000707400000, 0x0000000707600000, 0x0000000707600000|100%| O|  |TAMS 0x0000000707600000, 0x0000000707400000| Untracked 
|  59|0x0000000707600000, 0x0000000707800000, 0x0000000707800000|100%| O|  |TAMS 0x0000000707800000, 0x0000000707600000| Untracked 
|  60|0x0000000707800000, 0x0000000707a00000, 0x0000000707a00000|100%| O|  |TAMS 0x0000000707800000, 0x0000000707800000| Untracked 
|  61|0x0000000707a00000, 0x0000000707c00000, 0x0000000707c00000|100%| O|  |TAMS 0x0000000707c00000, 0x0000000707a00000| Untracked 
|  62|0x0000000707c00000, 0x0000000707e00000, 0x0000000707e00000|100%| O|  |TAMS 0x0000000707e00000, 0x0000000707c00000| Untracked 
|  63|0x0000000707e00000, 0x0000000708000000, 0x0000000708000000|100%| O|  |TAMS 0x0000000708000000, 0x0000000707e00000| Untracked 
|  64|0x0000000708000000, 0x0000000708200000, 0x0000000708200000|100%| O|  |TAMS 0x0000000708200000, 0x0000000708000000| Untracked 
|  65|0x0000000708200000, 0x0000000708400000, 0x0000000708400000|100%| O|  |TAMS 0x0000000708400000, 0x0000000708200000| Untracked 
|  66|0x0000000708400000, 0x0000000708400000, 0x0000000708600000|  0%| F|  |TAMS 0x0000000708400000, 0x0000000708400000| Untracked 
|  67|0x0000000708600000, 0x0000000708800000, 0x0000000708800000|100%| O|  |TAMS 0x0000000708800000, 0x0000000708600000| Untracked 
|  68|0x0000000708800000, 0x0000000708a00000, 0x0000000708a00000|100%| O|  |TAMS 0x0000000708a00000, 0x0000000708800000| Untracked 
|  69|0x0000000708a00000, 0x0000000708c00000, 0x0000000708c00000|100%| O|  |TAMS 0x0000000708a00000, 0x0000000708a00000| Untracked 
|  70|0x0000000708c00000, 0x0000000708e00000, 0x0000000708e00000|100%| O|  |TAMS 0x0000000708c00000, 0x0000000708c00000| Untracked 
|  71|0x0000000708e00000, 0x0000000709000000, 0x0000000709000000|100%| O|  |TAMS 0x0000000708e00000, 0x0000000708e00000| Untracked 
|  72|0x0000000709000000, 0x0000000709200000, 0x0000000709200000|100%| O|  |TAMS 0x0000000709200000, 0x0000000709000000| Untracked 
|  73|0x0000000709200000, 0x0000000709400000, 0x0000000709400000|100%| O|  |TAMS 0x0000000709400000, 0x0000000709200000| Untracked 
|  74|0x0000000709400000, 0x0000000709600000, 0x0000000709600000|100%| O|  |TAMS 0x0000000709600000, 0x0000000709400000| Untracked 
|  75|0x0000000709600000, 0x0000000709800000, 0x0000000709800000|100%| O|  |TAMS 0x0000000709800000, 0x0000000709600000| Untracked 
|  76|0x0000000709800000, 0x0000000709a00000, 0x0000000709a00000|100%| O|  |TAMS 0x0000000709a00000, 0x0000000709800000| Untracked 
|  77|0x0000000709a00000, 0x0000000709c00000, 0x0000000709c00000|100%| O|  |TAMS 0x0000000709c00000, 0x0000000709a00000| Untracked 
|  78|0x0000000709c00000, 0x0000000709e00000, 0x0000000709e00000|100%| O|  |TAMS 0x0000000709e00000, 0x0000000709c00000| Untracked 
|  79|0x0000000709e00000, 0x000000070a000000, 0x000000070a000000|100%| O|  |TAMS 0x0000000709e00000, 0x0000000709e00000| Untracked 
|  80|0x000000070a000000, 0x000000070a200000, 0x000000070a200000|100%| O|  |TAMS 0x000000070a200000, 0x000000070a000000| Untracked 
|  81|0x000000070a200000, 0x000000070a400000, 0x000000070a400000|100%| O|  |TAMS 0x000000070a400000, 0x000000070a200000| Untracked 
|  82|0x000000070a400000, 0x000000070a600000, 0x000000070a600000|100%| O|  |TAMS 0x000000070a600000, 0x000000070a400000| Untracked 
|  83|0x000000070a600000, 0x000000070a800000, 0x000000070a800000|100%| O|  |TAMS 0x000000070a800000, 0x000000070a600000| Untracked 
|  84|0x000000070a800000, 0x000000070aa00000, 0x000000070aa00000|100%| O|  |TAMS 0x000000070a800000, 0x000000070a800000| Untracked 
|  85|0x000000070aa00000, 0x000000070ac00000, 0x000000070ac00000|100%| O|  |TAMS 0x000000070ac00000, 0x000000070aa00000| Untracked 
|  86|0x000000070ac00000, 0x000000070ae00000, 0x000000070ae00000|100%| O|  |TAMS 0x000000070ae00000, 0x000000070ac00000| Untracked 
|  87|0x000000070ae00000, 0x000000070b000000, 0x000000070b000000|100%| O|  |TAMS 0x000000070b000000, 0x000000070ae00000| Untracked 
|  88|0x000000070b000000, 0x000000070b200000, 0x000000070b200000|100%| O|  |TAMS 0x000000070b000000, 0x000000070b000000| Untracked 
|  89|0x000000070b200000, 0x000000070b400000, 0x000000070b400000|100%| O|  |TAMS 0x000000070b400000, 0x000000070b200000| Untracked 
|  90|0x000000070b400000, 0x000000070b600000, 0x000000070b600000|100%| O|  |TAMS 0x000000070b600000, 0x000000070b400000| Untracked 
|  91|0x000000070b600000, 0x000000070b800000, 0x000000070b800000|100%| O|  |TAMS 0x000000070b600000, 0x000000070b600000| Untracked 
|  92|0x000000070b800000, 0x000000070ba00000, 0x000000070ba00000|100%| O|  |TAMS 0x000000070ba00000, 0x000000070b800000| Untracked 
|  93|0x000000070ba00000, 0x000000070bc00000, 0x000000070bc00000|100%| O|  |TAMS 0x000000070bc00000, 0x000000070ba00000| Untracked 
|  94|0x000000070bc00000, 0x000000070be00000, 0x000000070be00000|100%| O|  |TAMS 0x000000070be00000, 0x000000070bc00000| Untracked 
|  95|0x000000070be00000, 0x000000070c000000, 0x000000070c000000|100%| O|  |TAMS 0x000000070be00000, 0x000000070be00000| Untracked 
|  96|0x000000070c000000, 0x000000070c200000, 0x000000070c200000|100%| O|  |TAMS 0x000000070c000000, 0x000000070c000000| Untracked 
|  97|0x000000070c200000, 0x000000070c400000, 0x000000070c400000|100%| O|  |TAMS 0x000000070c400000, 0x000000070c200000| Untracked 
|  98|0x000000070c400000, 0x000000070c600000, 0x000000070c600000|100%| O|  |TAMS 0x000000070c600000, 0x000000070c400000| Untracked 
|  99|0x000000070c600000, 0x000000070c800000, 0x000000070c800000|100%| O|  |TAMS 0x000000070c800000, 0x000000070c600000| Untracked 
| 100|0x000000070c800000, 0x000000070ca00000, 0x000000070ca00000|100%| O|  |TAMS 0x000000070ca00000, 0x000000070c800000| Untracked 
| 101|0x000000070ca00000, 0x000000070cc00000, 0x000000070cc00000|100%| O|  |TAMS 0x000000070ca00000, 0x000000070ca00000| Untracked 
| 102|0x000000070cc00000, 0x000000070ce00000, 0x000000070ce00000|100%| O|  |TAMS 0x000000070ce00000, 0x000000070cc00000| Untracked 
| 103|0x000000070ce00000, 0x000000070d000000, 0x000000070d000000|100%| O|  |TAMS 0x000000070d000000, 0x000000070ce00000| Untracked 
| 104|0x000000070d000000, 0x000000070d200000, 0x000000070d200000|100%| O|  |TAMS 0x000000070d200000, 0x000000070d000000| Untracked 
| 105|0x000000070d200000, 0x000000070d400000, 0x000000070d400000|100%| O|  |TAMS 0x000000070d400000, 0x000000070d200000| Untracked 
| 106|0x000000070d400000, 0x000000070d600000, 0x000000070d600000|100%| O|  |TAMS 0x000000070d400000, 0x000000070d400000| Untracked 
| 107|0x000000070d600000, 0x000000070d800000, 0x000000070d800000|100%| O|  |TAMS 0x000000070d600000, 0x000000070d600000| Untracked 
| 108|0x000000070d800000, 0x000000070da00000, 0x000000070da00000|100%| O|  |TAMS 0x000000070d800000, 0x000000070d800000| Untracked 
| 109|0x000000070da00000, 0x000000070dc00000, 0x000000070dc00000|100%| O|  |TAMS 0x000000070dc00000, 0x000000070da00000| Untracked 
| 110|0x000000070dc00000, 0x000000070de00000, 0x000000070de00000|100%| O|  |TAMS 0x000000070de00000, 0x000000070dc00000| Untracked 
| 111|0x000000070de00000, 0x000000070e000000, 0x000000070e000000|100%| O|  |TAMS 0x000000070de00000, 0x000000070de00000| Untracked 
| 112|0x000000070e000000, 0x000000070e200000, 0x000000070e200000|100%| O|  |TAMS 0x000000070e200000, 0x000000070e000000| Untracked 
| 113|0x000000070e200000, 0x000000070e400000, 0x000000070e400000|100%| O|  |TAMS 0x000000070e400000, 0x000000070e200000| Untracked 
| 114|0x000000070e400000, 0x000000070e600000, 0x000000070e600000|100%| O|  |TAMS 0x000000070e600000, 0x000000070e400000| Untracked 
| 115|0x000000070e600000, 0x000000070e800000, 0x000000070e800000|100%| O|  |TAMS 0x000000070e6d2600, 0x000000070e600000| Untracked 
| 116|0x000000070e800000, 0x000000070ea00000, 0x000000070ea00000|100%| O|  |TAMS 0x000000070e800000, 0x000000070e800000| Untracked 
| 117|0x000000070ea00000, 0x000000070ec00000, 0x000000070ec00000|100%| O|  |TAMS 0x000000070ea00000, 0x000000070ea00000| Untracked 
| 118|0x000000070ec00000, 0x000000070ee00000, 0x000000070ee00000|100%| O|  |TAMS 0x000000070ec00000, 0x000000070ec00000| Untracked 
| 119|0x000000070ee00000, 0x000000070f000000, 0x000000070f000000|100%| O|  |TAMS 0x000000070ee00000, 0x000000070ee00000| Untracked 
| 120|0x000000070f000000, 0x000000070f200000, 0x000000070f200000|100%| O|  |TAMS 0x000000070f000000, 0x000000070f000000| Untracked 
| 121|0x000000070f200000, 0x000000070f400000, 0x000000070f400000|100%| O|  |TAMS 0x000000070f400000, 0x000000070f200000| Untracked 
| 122|0x000000070f400000, 0x000000070f600000, 0x000000070f600000|100%| O|  |TAMS 0x000000070f600000, 0x000000070f400000| Untracked 
| 123|0x000000070f600000, 0x000000070f800000, 0x000000070f800000|100%| O|  |TAMS 0x000000070f600000, 0x000000070f600000| Untracked 
| 124|0x000000070f800000, 0x000000070fa00000, 0x000000070fa00000|100%| O|  |TAMS 0x000000070f800000, 0x000000070f800000| Untracked 
| 125|0x000000070fa00000, 0x000000070fc00000, 0x000000070fc00000|100%| O|  |TAMS 0x000000070fa00000, 0x000000070fa00000| Untracked 
| 126|0x000000070fc00000, 0x000000070fc00000, 0x000000070fe00000|  0%| F|  |TAMS 0x000000070fc00000, 0x000000070fc00000| Untracked 
| 127|0x000000070fe00000, 0x000000070fe00000, 0x0000000710000000|  0%| F|  |TAMS 0x000000070fe00000, 0x000000070fe00000| Untracked 
| 128|0x0000000710000000, 0x0000000710000000, 0x0000000710200000|  0%| F|  |TAMS 0x0000000710000000, 0x0000000710000000| Untracked 
| 129|0x0000000710200000, 0x0000000710200000, 0x0000000710400000|  0%| F|  |TAMS 0x0000000710200000, 0x0000000710200000| Untracked 
| 130|0x0000000710400000, 0x000000071051ee00, 0x0000000710600000| 56%| O|  |TAMS 0x0000000710400000, 0x0000000710400000| Untracked 
| 131|0x0000000710600000, 0x0000000710600000, 0x0000000710800000|  0%| F|  |TAMS 0x0000000710600000, 0x0000000710600000| Untracked 
| 132|0x0000000710800000, 0x0000000710800000, 0x0000000710a00000|  0%| F|  |TAMS 0x0000000710800000, 0x0000000710800000| Untracked 
| 133|0x0000000710a00000, 0x0000000710a00000, 0x0000000710c00000|  0%| F|  |TAMS 0x0000000710a00000, 0x0000000710a00000| Untracked 
| 134|0x0000000710c00000, 0x0000000710c00000, 0x0000000710e00000|  0%| F|  |TAMS 0x0000000710c00000, 0x0000000710c00000| Untracked 
| 135|0x0000000710e00000, 0x0000000710e00000, 0x0000000711000000|  0%| F|  |TAMS 0x0000000710e00000, 0x0000000710e00000| Untracked 
| 136|0x0000000711000000, 0x0000000711000000, 0x0000000711200000|  0%| F|  |TAMS 0x0000000711000000, 0x0000000711000000| Untracked 
| 137|0x0000000711200000, 0x0000000711400000, 0x0000000711400000|100%| O|  |TAMS 0x0000000711400000, 0x0000000711200000| Untracked 
| 138|0x0000000711400000, 0x0000000711600000, 0x0000000711600000|100%| O|  |TAMS 0x0000000711600000, 0x0000000711400000| Untracked 
| 139|0x0000000711600000, 0x0000000711800000, 0x0000000711800000|100%| O|  |TAMS 0x0000000711800000, 0x0000000711600000| Untracked 
| 140|0x0000000711800000, 0x0000000711a00000, 0x0000000711a00000|100%| O|  |TAMS 0x0000000711a00000, 0x0000000711800000| Untracked 
| 141|0x0000000711a00000, 0x0000000711c00000, 0x0000000711c00000|100%| O|  |TAMS 0x0000000711c00000, 0x0000000711a00000| Untracked 
| 142|0x0000000711c00000, 0x0000000711e00000, 0x0000000711e00000|100%| O|  |TAMS 0x0000000711e00000, 0x0000000711c00000| Untracked 
| 143|0x0000000711e00000, 0x0000000712000000, 0x0000000712000000|100%| O|  |TAMS 0x0000000712000000, 0x0000000711e00000| Untracked 
| 144|0x0000000712000000, 0x0000000712200000, 0x0000000712200000|100%| O|  |TAMS 0x0000000712200000, 0x0000000712000000| Untracked 
| 145|0x0000000712200000, 0x0000000712200000, 0x0000000712400000|  0%| F|  |TAMS 0x0000000712200000, 0x0000000712200000| Untracked 
| 146|0x0000000712400000, 0x0000000712600000, 0x0000000712600000|100%| O|  |TAMS 0x0000000712600000, 0x0000000712400000| Untracked 
| 147|0x0000000712600000, 0x0000000712600000, 0x0000000712800000|  0%| F|  |TAMS 0x0000000712600000, 0x0000000712600000| Untracked 
| 148|0x0000000712800000, 0x0000000712800000, 0x0000000712a00000|  0%| F|  |TAMS 0x0000000712800000, 0x0000000712800000| Untracked 
| 149|0x0000000712a00000, 0x0000000712a00000, 0x0000000712c00000|  0%| F|  |TAMS 0x0000000712a00000, 0x0000000712a00000| Untracked 
| 150|0x0000000712c00000, 0x0000000712c00000, 0x0000000712e00000|  0%| F|  |TAMS 0x0000000712c00000, 0x0000000712c00000| Untracked 
| 151|0x0000000712e00000, 0x0000000713000000, 0x0000000713000000|100%| O|  |TAMS 0x0000000713000000, 0x0000000712e00000| Untracked 
| 152|0x0000000713000000, 0x0000000713000000, 0x0000000713200000|  0%| F|  |TAMS 0x0000000713000000, 0x0000000713000000| Untracked 
| 153|0x0000000713200000, 0x0000000713200000, 0x0000000713400000|  0%| F|  |TAMS 0x0000000713200000, 0x0000000713200000| Untracked 
| 154|0x0000000713400000, 0x0000000713400000, 0x0000000713600000|  0%| F|  |TAMS 0x0000000713400000, 0x0000000713400000| Untracked 
| 155|0x0000000713600000, 0x0000000713600000, 0x0000000713800000|  0%| F|  |TAMS 0x0000000713600000, 0x0000000713600000| Untracked 
| 156|0x0000000713800000, 0x0000000713800000, 0x0000000713a00000|  0%| F|  |TAMS 0x0000000713800000, 0x0000000713800000| Untracked 
| 157|0x0000000713a00000, 0x0000000713a00000, 0x0000000713c00000|  0%| F|  |TAMS 0x0000000713a00000, 0x0000000713a00000| Untracked 
| 158|0x0000000713c00000, 0x0000000713c00000, 0x0000000713e00000|  0%| F|  |TAMS 0x0000000713c00000, 0x0000000713c00000| Untracked 
| 159|0x0000000713e00000, 0x0000000713e00000, 0x0000000714000000|  0%| F|  |TAMS 0x0000000713e00000, 0x0000000713e00000| Untracked 
| 160|0x0000000714000000, 0x0000000714000000, 0x0000000714200000|  0%| F|  |TAMS 0x0000000714000000, 0x0000000714000000| Untracked 
| 161|0x0000000714200000, 0x0000000714200000, 0x0000000714400000|  0%| F|  |TAMS 0x0000000714200000, 0x0000000714200000| Untracked 
| 162|0x0000000714400000, 0x0000000714400000, 0x0000000714600000|  0%| F|  |TAMS 0x0000000714400000, 0x0000000714400000| Untracked 
| 163|0x0000000714600000, 0x0000000714600000, 0x0000000714800000|  0%| F|  |TAMS 0x0000000714600000, 0x0000000714600000| Untracked 
| 164|0x0000000714800000, 0x0000000714800000, 0x0000000714a00000|  0%| F|  |TAMS 0x0000000714800000, 0x0000000714800000| Untracked 
| 165|0x0000000714a00000, 0x0000000714a00000, 0x0000000714c00000|  0%| F|  |TAMS 0x0000000714a00000, 0x0000000714a00000| Untracked 
| 166|0x0000000714c00000, 0x0000000714c00000, 0x0000000714e00000|  0%| F|  |TAMS 0x0000000714c00000, 0x0000000714c00000| Untracked 
| 167|0x0000000714e00000, 0x0000000714e00000, 0x0000000715000000|  0%| F|  |TAMS 0x0000000714e00000, 0x0000000714e00000| Untracked 
| 168|0x0000000715000000, 0x0000000715200000, 0x0000000715200000|100%| O|  |TAMS 0x0000000715200000, 0x0000000715000000| Untracked 
| 169|0x0000000715200000, 0x0000000715200000, 0x0000000715400000|  0%| F|  |TAMS 0x0000000715200000, 0x0000000715200000| Untracked 
| 170|0x0000000715400000, 0x0000000715400000, 0x0000000715600000|  0%| F|  |TAMS 0x0000000715400000, 0x0000000715400000| Untracked 
| 171|0x0000000715600000, 0x0000000715600000, 0x0000000715800000|  0%| F|  |TAMS 0x0000000715600000, 0x0000000715600000| Untracked 
| 172|0x0000000715800000, 0x0000000715a00000, 0x0000000715a00000|100%| O|  |TAMS 0x0000000715a00000, 0x0000000715800000| Untracked 
| 173|0x0000000715a00000, 0x0000000715c00000, 0x0000000715c00000|100%| O|  |TAMS 0x0000000715c00000, 0x0000000715a00000| Untracked 
| 174|0x0000000715c00000, 0x0000000715e00000, 0x0000000715e00000|100%| O|  |TAMS 0x0000000715e00000, 0x0000000715c00000| Untracked 
| 175|0x0000000715e00000, 0x0000000715e00000, 0x0000000716000000|  0%| F|  |TAMS 0x0000000715e00000, 0x0000000715e00000| Untracked 
| 176|0x0000000716000000, 0x0000000716000000, 0x0000000716200000|  0%| F|  |TAMS 0x0000000716000000, 0x0000000716000000| Untracked 
| 177|0x0000000716200000, 0x0000000716200000, 0x0000000716400000|  0%| F|  |TAMS 0x0000000716200000, 0x0000000716200000| Untracked 
| 178|0x0000000716400000, 0x0000000716400000, 0x0000000716600000|  0%| F|  |TAMS 0x0000000716400000, 0x0000000716400000| Untracked 
| 179|0x0000000716600000, 0x0000000716600000, 0x0000000716800000|  0%| F|  |TAMS 0x0000000716600000, 0x0000000716600000| Untracked 
| 180|0x0000000716800000, 0x0000000716800000, 0x0000000716a00000|  0%| F|  |TAMS 0x0000000716800000, 0x0000000716800000| Untracked 
| 181|0x0000000716a00000, 0x0000000716a00000, 0x0000000716c00000|  0%| F|  |TAMS 0x0000000716a00000, 0x0000000716a00000| Untracked 
| 182|0x0000000716c00000, 0x0000000716c00000, 0x0000000716e00000|  0%| F|  |TAMS 0x0000000716c00000, 0x0000000716c00000| Untracked 
| 183|0x0000000716e00000, 0x0000000716e00000, 0x0000000717000000|  0%| F|  |TAMS 0x0000000716e00000, 0x0000000716e00000| Untracked 
| 184|0x0000000717000000, 0x0000000717000000, 0x0000000717200000|  0%| F|  |TAMS 0x0000000717000000, 0x0000000717000000| Untracked 
| 185|0x0000000717200000, 0x0000000717200000, 0x0000000717400000|  0%| F|  |TAMS 0x0000000717200000, 0x0000000717200000| Untracked 
| 186|0x0000000717400000, 0x0000000717400000, 0x0000000717600000|  0%| F|  |TAMS 0x0000000717400000, 0x0000000717400000| Untracked 
| 187|0x0000000717600000, 0x0000000717600000, 0x0000000717800000|  0%| F|  |TAMS 0x0000000717600000, 0x0000000717600000| Untracked 
| 188|0x0000000717800000, 0x0000000717800000, 0x0000000717a00000|  0%| F|  |TAMS 0x0000000717800000, 0x0000000717800000| Untracked 
| 189|0x0000000717a00000, 0x0000000717a00000, 0x0000000717c00000|  0%| F|  |TAMS 0x0000000717a00000, 0x0000000717a00000| Untracked 
| 190|0x0000000717c00000, 0x0000000717c00000, 0x0000000717e00000|  0%| F|  |TAMS 0x0000000717c00000, 0x0000000717c00000| Untracked 
| 191|0x0000000717e00000, 0x0000000717e00000, 0x0000000718000000|  0%| F|  |TAMS 0x0000000717e00000, 0x0000000717e00000| Untracked 
| 192|0x0000000718000000, 0x0000000718000000, 0x0000000718200000|  0%| F|  |TAMS 0x0000000718000000, 0x0000000718000000| Untracked 
| 193|0x0000000718200000, 0x0000000718200000, 0x0000000718400000|  0%| F|  |TAMS 0x0000000718200000, 0x0000000718200000| Untracked 
| 194|0x0000000718400000, 0x0000000718400000, 0x0000000718600000|  0%| F|  |TAMS 0x0000000718400000, 0x0000000718400000| Untracked 
| 195|0x0000000718600000, 0x0000000718600000, 0x0000000718800000|  0%| F|  |TAMS 0x0000000718600000, 0x0000000718600000| Untracked 
| 196|0x0000000718800000, 0x0000000718800000, 0x0000000718a00000|  0%| F|  |TAMS 0x0000000718800000, 0x0000000718800000| Untracked 
| 197|0x0000000718a00000, 0x0000000718a00000, 0x0000000718c00000|  0%| F|  |TAMS 0x0000000718a00000, 0x0000000718a00000| Untracked 
| 198|0x0000000718c00000, 0x0000000718c00000, 0x0000000718e00000|  0%| F|  |TAMS 0x0000000718c00000, 0x0000000718c00000| Untracked 
| 199|0x0000000718e00000, 0x0000000718e00000, 0x0000000719000000|  0%| F|  |TAMS 0x0000000718e00000, 0x0000000718e00000| Untracked 
| 200|0x0000000719000000, 0x0000000719000000, 0x0000000719200000|  0%| F|  |TAMS 0x0000000719000000, 0x0000000719000000| Untracked 
| 201|0x0000000719200000, 0x0000000719200000, 0x0000000719400000|  0%| F|  |TAMS 0x0000000719200000, 0x0000000719200000| Untracked 
| 202|0x0000000719400000, 0x0000000719400000, 0x0000000719600000|  0%| F|  |TAMS 0x0000000719400000, 0x0000000719400000| Untracked 
| 203|0x0000000719600000, 0x0000000719600000, 0x0000000719800000|  0%| F|  |TAMS 0x0000000719600000, 0x0000000719600000| Untracked 
| 204|0x0000000719800000, 0x0000000719800000, 0x0000000719a00000|  0%| F|  |TAMS 0x0000000719800000, 0x0000000719800000| Untracked 
| 205|0x0000000719a00000, 0x0000000719a00000, 0x0000000719c00000|  0%| F|  |TAMS 0x0000000719a00000, 0x0000000719a00000| Untracked 
| 206|0x0000000719c00000, 0x0000000719c00000, 0x0000000719e00000|  0%| F|  |TAMS 0x0000000719c00000, 0x0000000719c00000| Untracked 
| 207|0x0000000719e00000, 0x0000000719e00000, 0x000000071a000000|  0%| F|  |TAMS 0x0000000719e00000, 0x0000000719e00000| Untracked 
| 208|0x000000071a000000, 0x000000071a000000, 0x000000071a200000|  0%| F|  |TAMS 0x000000071a000000, 0x000000071a000000| Untracked 
| 209|0x000000071a200000, 0x000000071a200000, 0x000000071a400000|  0%| F|  |TAMS 0x000000071a200000, 0x000000071a200000| Untracked 
| 210|0x000000071a400000, 0x000000071a400000, 0x000000071a600000|  0%| F|  |TAMS 0x000000071a400000, 0x000000071a400000| Untracked 
| 211|0x000000071a600000, 0x000000071a600000, 0x000000071a800000|  0%| F|  |TAMS 0x000000071a600000, 0x000000071a600000| Untracked 
| 212|0x000000071a800000, 0x000000071a800000, 0x000000071aa00000|  0%| F|  |TAMS 0x000000071a800000, 0x000000071a800000| Untracked 
| 213|0x000000071aa00000, 0x000000071aa00000, 0x000000071ac00000|  0%| F|  |TAMS 0x000000071aa00000, 0x000000071aa00000| Untracked 
| 214|0x000000071ac00000, 0x000000071ac00000, 0x000000071ae00000|  0%| F|  |TAMS 0x000000071ac00000, 0x000000071ac00000| Untracked 
| 215|0x000000071ae00000, 0x000000071ae00000, 0x000000071b000000|  0%| F|  |TAMS 0x000000071ae00000, 0x000000071ae00000| Untracked 
| 216|0x000000071b000000, 0x000000071b000000, 0x000000071b200000|  0%| F|  |TAMS 0x000000071b000000, 0x000000071b000000| Untracked 
| 217|0x000000071b200000, 0x000000071b200000, 0x000000071b400000|  0%| F|  |TAMS 0x000000071b200000, 0x000000071b200000| Untracked 
| 218|0x000000071b400000, 0x000000071b400000, 0x000000071b600000|  0%| F|  |TAMS 0x000000071b400000, 0x000000071b400000| Untracked 
| 219|0x000000071b600000, 0x000000071b600000, 0x000000071b800000|  0%| F|  |TAMS 0x000000071b600000, 0x000000071b600000| Untracked 
| 220|0x000000071b800000, 0x000000071b800000, 0x000000071ba00000|  0%| F|  |TAMS 0x000000071b800000, 0x000000071b800000| Untracked 
| 221|0x000000071ba00000, 0x000000071ba00000, 0x000000071bc00000|  0%| F|  |TAMS 0x000000071ba00000, 0x000000071ba00000| Untracked 
| 222|0x000000071bc00000, 0x000000071bc00000, 0x000000071be00000|  0%| F|  |TAMS 0x000000071bc00000, 0x000000071bc00000| Untracked 
| 223|0x000000071be00000, 0x000000071be00000, 0x000000071c000000|  0%| F|  |TAMS 0x000000071be00000, 0x000000071be00000| Untracked 
| 224|0x000000071c000000, 0x000000071c000000, 0x000000071c200000|  0%| F|  |TAMS 0x000000071c000000, 0x000000071c000000| Untracked 
| 225|0x000000071c200000, 0x000000071c200000, 0x000000071c400000|  0%| F|  |TAMS 0x000000071c200000, 0x000000071c200000| Untracked 
| 226|0x000000071c400000, 0x000000071c400000, 0x000000071c600000|  0%| F|  |TAMS 0x000000071c400000, 0x000000071c400000| Untracked 
| 227|0x000000071c600000, 0x000000071c600000, 0x000000071c800000|  0%| F|  |TAMS 0x000000071c600000, 0x000000071c600000| Untracked 
| 228|0x000000071c800000, 0x000000071c800000, 0x000000071ca00000|  0%| F|  |TAMS 0x000000071c800000, 0x000000071c800000| Untracked 
| 229|0x000000071ca00000, 0x000000071ca00000, 0x000000071cc00000|  0%| F|  |TAMS 0x000000071ca00000, 0x000000071ca00000| Untracked 
| 230|0x000000071cc00000, 0x000000071cc00000, 0x000000071ce00000|  0%| F|  |TAMS 0x000000071cc00000, 0x000000071cc00000| Untracked 
| 231|0x000000071ce00000, 0x000000071ce00000, 0x000000071d000000|  0%| F|  |TAMS 0x000000071ce00000, 0x000000071ce00000| Untracked 
| 232|0x000000071d000000, 0x000000071d000000, 0x000000071d200000|  0%| F|  |TAMS 0x000000071d000000, 0x000000071d000000| Untracked 
| 233|0x000000071d200000, 0x000000071d200000, 0x000000071d400000|  0%| F|  |TAMS 0x000000071d200000, 0x000000071d200000| Untracked 
| 234|0x000000071d400000, 0x000000071d400000, 0x000000071d600000|  0%| F|  |TAMS 0x000000071d400000, 0x000000071d400000| Untracked 
| 235|0x000000071d600000, 0x000000071d600000, 0x000000071d800000|  0%| F|  |TAMS 0x000000071d600000, 0x000000071d600000| Untracked 
| 236|0x000000071d800000, 0x000000071d800000, 0x000000071da00000|  0%| F|  |TAMS 0x000000071d800000, 0x000000071d800000| Untracked 
| 237|0x000000071da00000, 0x000000071da00000, 0x000000071dc00000|  0%| F|  |TAMS 0x000000071da00000, 0x000000071da00000| Untracked 
| 238|0x000000071dc00000, 0x000000071dc00000, 0x000000071de00000|  0%| F|  |TAMS 0x000000071dc00000, 0x000000071dc00000| Untracked 
| 239|0x000000071de00000, 0x000000071de00000, 0x000000071e000000|  0%| F|  |TAMS 0x000000071de00000, 0x000000071de00000| Untracked 
| 240|0x000000071e000000, 0x000000071e000000, 0x000000071e200000|  0%| F|  |TAMS 0x000000071e000000, 0x000000071e000000| Untracked 
| 241|0x000000071e200000, 0x000000071e200000, 0x000000071e400000|  0%| F|  |TAMS 0x000000071e200000, 0x000000071e200000| Untracked 
| 242|0x000000071e400000, 0x000000071e400000, 0x000000071e600000|  0%| F|  |TAMS 0x000000071e400000, 0x000000071e400000| Untracked 
| 243|0x000000071e600000, 0x000000071e600000, 0x000000071e800000|  0%| F|  |TAMS 0x000000071e600000, 0x000000071e600000| Untracked 
| 244|0x000000071e800000, 0x000000071e800000, 0x000000071ea00000|  0%| F|  |TAMS 0x000000071e800000, 0x000000071e800000| Untracked 
| 245|0x000000071ea00000, 0x000000071ea00000, 0x000000071ec00000|  0%| F|  |TAMS 0x000000071ea00000, 0x000000071ea00000| Untracked 
| 246|0x000000071ec00000, 0x000000071ec00000, 0x000000071ee00000|  0%| F|  |TAMS 0x000000071ec00000, 0x000000071ec00000| Untracked 
| 247|0x000000071ee00000, 0x000000071ee00000, 0x000000071f000000|  0%| F|  |TAMS 0x000000071ee00000, 0x000000071ee00000| Untracked 
| 248|0x000000071f000000, 0x000000071f000000, 0x000000071f200000|  0%| F|  |TAMS 0x000000071f000000, 0x000000071f000000| Untracked 
| 249|0x000000071f200000, 0x000000071f200000, 0x000000071f400000|  0%| F|  |TAMS 0x000000071f200000, 0x000000071f200000| Untracked 
| 250|0x000000071f400000, 0x000000071f400000, 0x000000071f600000|  0%| F|  |TAMS 0x000000071f400000, 0x000000071f400000| Untracked 
| 251|0x000000071f600000, 0x000000071f600000, 0x000000071f800000|  0%| F|  |TAMS 0x000000071f600000, 0x000000071f600000| Untracked 
| 252|0x000000071f800000, 0x000000071f800000, 0x000000071fa00000|  0%| F|  |TAMS 0x000000071f800000, 0x000000071f800000| Untracked 
| 253|0x000000071fa00000, 0x000000071fa00000, 0x000000071fc00000|  0%| F|  |TAMS 0x000000071fa00000, 0x000000071fa00000| Untracked 
| 254|0x000000071fc00000, 0x000000071fc00000, 0x000000071fe00000|  0%| F|  |TAMS 0x000000071fc00000, 0x000000071fc00000| Untracked 
| 255|0x000000071fe00000, 0x000000071fe00000, 0x0000000720000000|  0%| F|  |TAMS 0x000000071fe00000, 0x000000071fe00000| Untracked 
| 256|0x0000000720000000, 0x0000000720000000, 0x0000000720200000|  0%| F|  |TAMS 0x0000000720000000, 0x0000000720000000| Untracked 
| 257|0x0000000720200000, 0x0000000720200000, 0x0000000720400000|  0%| F|  |TAMS 0x0000000720200000, 0x0000000720200000| Untracked 
| 258|0x0000000720400000, 0x0000000720400000, 0x0000000720600000|  0%| F|  |TAMS 0x0000000720400000, 0x0000000720400000| Untracked 
| 259|0x0000000720600000, 0x0000000720600000, 0x0000000720800000|  0%| F|  |TAMS 0x0000000720600000, 0x0000000720600000| Untracked 
| 260|0x0000000720800000, 0x0000000720800000, 0x0000000720a00000|  0%| F|  |TAMS 0x0000000720800000, 0x0000000720800000| Untracked 
| 261|0x0000000720a00000, 0x0000000720a00000, 0x0000000720c00000|  0%| F|  |TAMS 0x0000000720a00000, 0x0000000720a00000| Untracked 
| 262|0x0000000720c00000, 0x0000000720c00000, 0x0000000720e00000|  0%| F|  |TAMS 0x0000000720c00000, 0x0000000720c00000| Untracked 
| 263|0x0000000720e00000, 0x0000000720e00000, 0x0000000721000000|  0%| F|  |TAMS 0x0000000720e00000, 0x0000000720e00000| Untracked 
| 264|0x0000000721000000, 0x0000000721000000, 0x0000000721200000|  0%| F|  |TAMS 0x0000000721000000, 0x0000000721000000| Untracked 
| 265|0x0000000721200000, 0x0000000721200000, 0x0000000721400000|  0%| F|  |TAMS 0x0000000721200000, 0x0000000721200000| Untracked 
| 266|0x0000000721400000, 0x0000000721400000, 0x0000000721600000|  0%| F|  |TAMS 0x0000000721400000, 0x0000000721400000| Untracked 
| 267|0x0000000721600000, 0x0000000721600000, 0x0000000721800000|  0%| F|  |TAMS 0x0000000721600000, 0x0000000721600000| Untracked 
| 268|0x0000000721800000, 0x0000000721800000, 0x0000000721a00000|  0%| F|  |TAMS 0x0000000721800000, 0x0000000721800000| Untracked 
| 269|0x0000000721a00000, 0x0000000721a00000, 0x0000000721c00000|  0%| F|  |TAMS 0x0000000721a00000, 0x0000000721a00000| Untracked 
| 270|0x0000000721c00000, 0x0000000721c00000, 0x0000000721e00000|  0%| F|  |TAMS 0x0000000721c00000, 0x0000000721c00000| Untracked 
| 271|0x0000000721e00000, 0x0000000721e00000, 0x0000000722000000|  0%| F|  |TAMS 0x0000000721e00000, 0x0000000721e00000| Untracked 
| 272|0x0000000722000000, 0x0000000722000000, 0x0000000722200000|  0%| F|  |TAMS 0x0000000722000000, 0x0000000722000000| Untracked 
| 273|0x0000000722200000, 0x0000000722200000, 0x0000000722400000|  0%| F|  |TAMS 0x0000000722200000, 0x0000000722200000| Untracked 
| 274|0x0000000722400000, 0x0000000722400000, 0x0000000722600000|  0%| F|  |TAMS 0x0000000722400000, 0x0000000722400000| Untracked 
| 275|0x0000000722600000, 0x0000000722600000, 0x0000000722800000|  0%| F|  |TAMS 0x0000000722600000, 0x0000000722600000| Untracked 
| 276|0x0000000722800000, 0x0000000722800000, 0x0000000722a00000|  0%| F|  |TAMS 0x0000000722800000, 0x0000000722800000| Untracked 
| 277|0x0000000722a00000, 0x0000000722a00000, 0x0000000722c00000|  0%| F|  |TAMS 0x0000000722a00000, 0x0000000722a00000| Untracked 
| 278|0x0000000722c00000, 0x0000000722c00000, 0x0000000722e00000|  0%| F|  |TAMS 0x0000000722c00000, 0x0000000722c00000| Untracked 
| 279|0x0000000722e00000, 0x0000000722e00000, 0x0000000723000000|  0%| F|  |TAMS 0x0000000722e00000, 0x0000000722e00000| Untracked 
| 280|0x0000000723000000, 0x0000000723000000, 0x0000000723200000|  0%| F|  |TAMS 0x0000000723000000, 0x0000000723000000| Untracked 
| 281|0x0000000723200000, 0x0000000723200000, 0x0000000723400000|  0%| F|  |TAMS 0x0000000723200000, 0x0000000723200000| Untracked 
| 282|0x0000000723400000, 0x0000000723400000, 0x0000000723600000|  0%| F|  |TAMS 0x0000000723400000, 0x0000000723400000| Untracked 
| 283|0x0000000723600000, 0x0000000723600000, 0x0000000723800000|  0%| F|  |TAMS 0x0000000723600000, 0x0000000723600000| Untracked 
| 284|0x0000000723800000, 0x0000000723800000, 0x0000000723a00000|  0%| F|  |TAMS 0x0000000723800000, 0x0000000723800000| Untracked 
| 285|0x0000000723a00000, 0x0000000723a00000, 0x0000000723c00000|  0%| F|  |TAMS 0x0000000723a00000, 0x0000000723a00000| Untracked 
| 286|0x0000000723c00000, 0x0000000723c00000, 0x0000000723e00000|  0%| F|  |TAMS 0x0000000723c00000, 0x0000000723c00000| Untracked 
| 287|0x0000000723e00000, 0x0000000723e00000, 0x0000000724000000|  0%| F|  |TAMS 0x0000000723e00000, 0x0000000723e00000| Untracked 
| 288|0x0000000724000000, 0x0000000724000000, 0x0000000724200000|  0%| F|  |TAMS 0x0000000724000000, 0x0000000724000000| Untracked 
| 289|0x0000000724200000, 0x0000000724200000, 0x0000000724400000|  0%| F|  |TAMS 0x0000000724200000, 0x0000000724200000| Untracked 
| 290|0x0000000724400000, 0x0000000724400000, 0x0000000724600000|  0%| F|  |TAMS 0x0000000724400000, 0x0000000724400000| Untracked 
| 291|0x0000000724600000, 0x0000000724600000, 0x0000000724800000|  0%| F|  |TAMS 0x0000000724600000, 0x0000000724600000| Untracked 
| 292|0x0000000724800000, 0x0000000724800000, 0x0000000724a00000|  0%| F|  |TAMS 0x0000000724800000, 0x0000000724800000| Untracked 
| 293|0x0000000724a00000, 0x0000000724a00000, 0x0000000724c00000|  0%| F|  |TAMS 0x0000000724a00000, 0x0000000724a00000| Untracked 
| 294|0x0000000724c00000, 0x0000000724c00000, 0x0000000724e00000|  0%| F|  |TAMS 0x0000000724c00000, 0x0000000724c00000| Untracked 
| 295|0x0000000724e00000, 0x0000000724e00000, 0x0000000725000000|  0%| F|  |TAMS 0x0000000724e00000, 0x0000000724e00000| Untracked 
| 296|0x0000000725000000, 0x0000000725000000, 0x0000000725200000|  0%| F|  |TAMS 0x0000000725000000, 0x0000000725000000| Untracked 
| 297|0x0000000725200000, 0x0000000725200000, 0x0000000725400000|  0%| F|  |TAMS 0x0000000725200000, 0x0000000725200000| Untracked 
| 298|0x0000000725400000, 0x0000000725400000, 0x0000000725600000|  0%| F|  |TAMS 0x0000000725400000, 0x0000000725400000| Untracked 
| 299|0x0000000725600000, 0x0000000725600000, 0x0000000725800000|  0%| F|  |TAMS 0x0000000725600000, 0x0000000725600000| Untracked 
| 300|0x0000000725800000, 0x0000000725800000, 0x0000000725a00000|  0%| F|  |TAMS 0x0000000725800000, 0x0000000725800000| Untracked 
| 301|0x0000000725a00000, 0x0000000725a00000, 0x0000000725c00000|  0%| F|  |TAMS 0x0000000725a00000, 0x0000000725a00000| Untracked 
| 302|0x0000000725c00000, 0x0000000725c00000, 0x0000000725e00000|  0%| F|  |TAMS 0x0000000725c00000, 0x0000000725c00000| Untracked 
| 303|0x0000000725e00000, 0x0000000725e00000, 0x0000000726000000|  0%| F|  |TAMS 0x0000000725e00000, 0x0000000725e00000| Untracked 
| 304|0x0000000726000000, 0x0000000726000000, 0x0000000726200000|  0%| F|  |TAMS 0x0000000726000000, 0x0000000726000000| Untracked 
| 305|0x0000000726200000, 0x0000000726200000, 0x0000000726400000|  0%| F|  |TAMS 0x0000000726200000, 0x0000000726200000| Untracked 
| 306|0x0000000726400000, 0x0000000726400000, 0x0000000726600000|  0%| F|  |TAMS 0x0000000726400000, 0x0000000726400000| Untracked 
| 307|0x0000000726600000, 0x0000000726600000, 0x0000000726800000|  0%| F|  |TAMS 0x0000000726600000, 0x0000000726600000| Untracked 
| 308|0x0000000726800000, 0x0000000726800000, 0x0000000726a00000|  0%| F|  |TAMS 0x0000000726800000, 0x0000000726800000| Untracked 
| 309|0x0000000726a00000, 0x0000000726a00000, 0x0000000726c00000|  0%| F|  |TAMS 0x0000000726a00000, 0x0000000726a00000| Untracked 
| 310|0x0000000726c00000, 0x0000000726c00000, 0x0000000726e00000|  0%| F|  |TAMS 0x0000000726c00000, 0x0000000726c00000| Untracked 
| 311|0x0000000726e00000, 0x0000000726e00000, 0x0000000727000000|  0%| F|  |TAMS 0x0000000726e00000, 0x0000000726e00000| Untracked 
| 312|0x0000000727000000, 0x0000000727000000, 0x0000000727200000|  0%| F|  |TAMS 0x0000000727000000, 0x0000000727000000| Untracked 
| 313|0x0000000727200000, 0x0000000727200000, 0x0000000727400000|  0%| F|  |TAMS 0x0000000727200000, 0x0000000727200000| Untracked 
| 314|0x0000000727400000, 0x0000000727400000, 0x0000000727600000|  0%| F|  |TAMS 0x0000000727400000, 0x0000000727400000| Untracked 
| 315|0x0000000727600000, 0x0000000727600000, 0x0000000727800000|  0%| F|  |TAMS 0x0000000727600000, 0x0000000727600000| Untracked 
| 316|0x0000000727800000, 0x0000000727800000, 0x0000000727a00000|  0%| F|  |TAMS 0x0000000727800000, 0x0000000727800000| Untracked 
| 317|0x0000000727a00000, 0x0000000727a00000, 0x0000000727c00000|  0%| F|  |TAMS 0x0000000727a00000, 0x0000000727a00000| Untracked 
| 318|0x0000000727c00000, 0x0000000727c00000, 0x0000000727e00000|  0%| F|  |TAMS 0x0000000727c00000, 0x0000000727c00000| Untracked 
| 319|0x0000000727e00000, 0x0000000727e00000, 0x0000000728000000|  0%| F|  |TAMS 0x0000000727e00000, 0x0000000727e00000| Untracked 
| 320|0x0000000728000000, 0x0000000728000000, 0x0000000728200000|  0%| F|  |TAMS 0x0000000728000000, 0x0000000728000000| Untracked 
| 321|0x0000000728200000, 0x0000000728200000, 0x0000000728400000|  0%| F|  |TAMS 0x0000000728200000, 0x0000000728200000| Untracked 
| 322|0x0000000728400000, 0x0000000728400000, 0x0000000728600000|  0%| F|  |TAMS 0x0000000728400000, 0x0000000728400000| Untracked 
| 323|0x0000000728600000, 0x0000000728600000, 0x0000000728800000|  0%| F|  |TAMS 0x0000000728600000, 0x0000000728600000| Untracked 
| 324|0x0000000728800000, 0x0000000728800000, 0x0000000728a00000|  0%| F|  |TAMS 0x0000000728800000, 0x0000000728800000| Untracked 
| 325|0x0000000728a00000, 0x0000000728a00000, 0x0000000728c00000|  0%| F|  |TAMS 0x0000000728a00000, 0x0000000728a00000| Untracked 
| 326|0x0000000728c00000, 0x0000000728c00000, 0x0000000728e00000|  0%| F|  |TAMS 0x0000000728c00000, 0x0000000728c00000| Untracked 
| 327|0x0000000728e00000, 0x0000000728e00000, 0x0000000729000000|  0%| F|  |TAMS 0x0000000728e00000, 0x0000000728e00000| Untracked 
| 328|0x0000000729000000, 0x0000000729000000, 0x0000000729200000|  0%| F|  |TAMS 0x0000000729000000, 0x0000000729000000| Untracked 
| 329|0x0000000729200000, 0x0000000729200000, 0x0000000729400000|  0%| F|  |TAMS 0x0000000729200000, 0x0000000729200000| Untracked 
| 330|0x0000000729400000, 0x0000000729400000, 0x0000000729600000|  0%| F|  |TAMS 0x0000000729400000, 0x0000000729400000| Untracked 
| 331|0x0000000729600000, 0x0000000729600000, 0x0000000729800000|  0%| F|  |TAMS 0x0000000729600000, 0x0000000729600000| Untracked 
| 332|0x0000000729800000, 0x0000000729800000, 0x0000000729a00000|  0%| F|  |TAMS 0x0000000729800000, 0x0000000729800000| Untracked 
| 333|0x0000000729a00000, 0x0000000729a00000, 0x0000000729c00000|  0%| F|  |TAMS 0x0000000729a00000, 0x0000000729a00000| Untracked 
| 334|0x0000000729c00000, 0x0000000729c00000, 0x0000000729e00000|  0%| F|  |TAMS 0x0000000729c00000, 0x0000000729c00000| Untracked 
| 335|0x0000000729e00000, 0x0000000729e00000, 0x000000072a000000|  0%| F|  |TAMS 0x0000000729e00000, 0x0000000729e00000| Untracked 
| 336|0x000000072a000000, 0x000000072a000000, 0x000000072a200000|  0%| F|  |TAMS 0x000000072a000000, 0x000000072a000000| Untracked 
| 337|0x000000072a200000, 0x000000072a200000, 0x000000072a400000|  0%| F|  |TAMS 0x000000072a200000, 0x000000072a200000| Untracked 
| 338|0x000000072a400000, 0x000000072a400000, 0x000000072a600000|  0%| F|  |TAMS 0x000000072a400000, 0x000000072a400000| Untracked 
| 339|0x000000072a600000, 0x000000072a600000, 0x000000072a800000|  0%| F|  |TAMS 0x000000072a600000, 0x000000072a600000| Untracked 
| 340|0x000000072a800000, 0x000000072a800000, 0x000000072aa00000|  0%| F|  |TAMS 0x000000072a800000, 0x000000072a800000| Untracked 
| 341|0x000000072aa00000, 0x000000072aa00000, 0x000000072ac00000|  0%| F|  |TAMS 0x000000072aa00000, 0x000000072aa00000| Untracked 
| 342|0x000000072ac00000, 0x000000072ac00000, 0x000000072ae00000|  0%| F|  |TAMS 0x000000072ac00000, 0x000000072ac00000| Untracked 
| 343|0x000000072ae00000, 0x000000072ae00000, 0x000000072b000000|  0%| F|  |TAMS 0x000000072ae00000, 0x000000072ae00000| Untracked 
| 344|0x000000072b000000, 0x000000072b000000, 0x000000072b200000|  0%| F|  |TAMS 0x000000072b000000, 0x000000072b000000| Untracked 
| 345|0x000000072b200000, 0x000000072b200000, 0x000000072b400000|  0%| F|  |TAMS 0x000000072b200000, 0x000000072b200000| Untracked 
| 346|0x000000072b400000, 0x000000072b400000, 0x000000072b600000|  0%| F|  |TAMS 0x000000072b400000, 0x000000072b400000| Untracked 
| 347|0x000000072b600000, 0x000000072b600000, 0x000000072b800000|  0%| F|  |TAMS 0x000000072b600000, 0x000000072b600000| Untracked 
| 348|0x000000072b800000, 0x000000072b800000, 0x000000072ba00000|  0%| F|  |TAMS 0x000000072b800000, 0x000000072b800000| Untracked 
| 349|0x000000072ba00000, 0x000000072ba00000, 0x000000072bc00000|  0%| F|  |TAMS 0x000000072ba00000, 0x000000072ba00000| Untracked 
| 350|0x000000072bc00000, 0x000000072bc00000, 0x000000072be00000|  0%| F|  |TAMS 0x000000072bc00000, 0x000000072bc00000| Untracked 
| 351|0x000000072be00000, 0x000000072be00000, 0x000000072c000000|  0%| F|  |TAMS 0x000000072be00000, 0x000000072be00000| Untracked 
| 352|0x000000072c000000, 0x000000072c000000, 0x000000072c200000|  0%| F|  |TAMS 0x000000072c000000, 0x000000072c000000| Untracked 
| 353|0x000000072c200000, 0x000000072c200000, 0x000000072c400000|  0%| F|  |TAMS 0x000000072c200000, 0x000000072c200000| Untracked 
| 354|0x000000072c400000, 0x000000072c400000, 0x000000072c600000|  0%| F|  |TAMS 0x000000072c400000, 0x000000072c400000| Untracked 
| 355|0x000000072c600000, 0x000000072c600000, 0x000000072c800000|  0%| F|  |TAMS 0x000000072c600000, 0x000000072c600000| Untracked 
| 356|0x000000072c800000, 0x000000072c800000, 0x000000072ca00000|  0%| F|  |TAMS 0x000000072c800000, 0x000000072c800000| Untracked 
| 357|0x000000072ca00000, 0x000000072cb492c0, 0x000000072cc00000| 64%| S|CS|TAMS 0x000000072ca00000, 0x000000072ca00000| Complete 
| 358|0x000000072cc00000, 0x000000072ce00000, 0x000000072ce00000|100%| S|CS|TAMS 0x000000072cc00000, 0x000000072cc00000| Complete 
| 359|0x000000072ce00000, 0x000000072ce00000, 0x000000072d000000|  0%| F|  |TAMS 0x000000072ce00000, 0x000000072ce00000| Untracked 
| 360|0x000000072d000000, 0x000000072d000000, 0x000000072d200000|  0%| F|  |TAMS 0x000000072d000000, 0x000000072d000000| Untracked 
| 361|0x000000072d200000, 0x000000072d200000, 0x000000072d400000|  0%| F|  |TAMS 0x000000072d200000, 0x000000072d200000| Untracked 
| 362|0x000000072d400000, 0x000000072d400000, 0x000000072d600000|  0%| F|  |TAMS 0x000000072d400000, 0x000000072d400000| Untracked 
| 363|0x000000072d600000, 0x000000072d600000, 0x000000072d800000|  0%| F|  |TAMS 0x000000072d600000, 0x000000072d600000| Untracked 
| 364|0x000000072d800000, 0x000000072d800000, 0x000000072da00000|  0%| F|  |TAMS 0x000000072d800000, 0x000000072d800000| Untracked 
| 365|0x000000072da00000, 0x000000072da00000, 0x000000072dc00000|  0%| F|  |TAMS 0x000000072da00000, 0x000000072da00000| Untracked 
| 366|0x000000072dc00000, 0x000000072de00000, 0x000000072de00000|100%| E|  |TAMS 0x000000072dc00000, 0x000000072dc00000| Complete 
| 367|0x000000072de00000, 0x000000072e000000, 0x000000072e000000|100%| E|CS|TAMS 0x000000072de00000, 0x000000072de00000| Complete 
|2047|0x00000007ffe00000, 0x0000000800000000, 0x0000000800000000|100%| O|  |TAMS 0x0000000800000000, 0x00000007ffe00000| Untracked 

Card table byte_map: [0x000001c5f6c40000,0x000001c5f7440000] _byte_map_base: 0x000001c5f3440000

Marking Bits (Prev, Next): (CMBitMap*) 0x000001c5ee41db40, (CMBitMap*) 0x000001c5ee41db80
 Prev Bits: [0x000001c5f7c40000, 0x000001c5fbc40000)
 Next Bits: [0x000001c5fbc40000, 0x000001c5ffc40000)

Polling page: 0x000001c5eda70000

Metaspace:

Usage:
  Non-class:    214.90 MB used.
      Class:     34.13 MB used.
       Both:    249.02 MB used.

Virtual space:
  Non-class space:      256.00 MB reserved,     216.50 MB ( 85%) committed,  4 nodes.
      Class space:        1.00 GB reserved,      35.62 MB (  3%) committed,  1 nodes.
             Both:        1.25 GB reserved,     252.12 MB ( 20%) committed. 

Chunk freelists:
   Non-Class:  6.91 MB
       Class:  12.41 MB
        Both:  19.31 MB

MaxMetaspaceSize: 2.00 GB
CompressedClassSpaceSize: 1.00 GB
Initial GC threshold: 21.00 MB
Current GC threshold: 400.88 MB
CDS: on
MetaspaceReclaimPolicy: balanced
 - commit_granule_bytes: 65536.
 - commit_granule_words: 8192.
 - virtual_space_node_default_size: 8388608.
 - enlarge_chunks_in_place: 1.
 - new_chunks_are_fully_committed: 0.
 - uncommit_free_chunks: 1.
 - use_allocation_guard: 0.
 - handle_deallocations: 1.


Internal statistics:

num_allocs_failed_limit: 36.
num_arena_births: 4760.
num_arena_deaths: 0.
num_vsnodes_births: 5.
num_vsnodes_deaths: 0.
num_space_committed: 4034.
num_space_uncommitted: 0.
num_chunks_returned_to_freelist: 36.
num_chunks_taken_from_freelist: 16559.
num_chunk_merges: 33.
num_chunk_splits: 11025.
num_chunks_enlarged: 7161.
num_inconsistent_stats: 0.

CodeHeap 'non-profiled nmethods': size=120000Kb used=25379Kb max_used=25379Kb free=94620Kb
 bounds [0x000001c587ad0000, 0x000001c5893a0000, 0x000001c58f000000]
CodeHeap 'profiled nmethods': size=120000Kb used=52858Kb max_used=52858Kb free=67141Kb
 bounds [0x000001c580000000, 0x000001c5833b0000, 0x000001c587530000]
CodeHeap 'non-nmethods': size=5760Kb used=2467Kb max_used=2546Kb free=3292Kb
 bounds [0x000001c587530000, 0x000001c5877b0000, 0x000001c587ad0000]
 total_blobs=27634 nmethods=26625 adapters=919
 compilation: enabled
              stopped_count=0, restarted_count=0
 full_count=0

Compilation events (20 events):
Event: 89.590 Thread 0x000001c59194a0f0 31761       4       java.lang.invoke.MemberName::asSpecial (89 bytes)
Event: 89.590 Thread 0x000001c59194a0f0 nmethod 31761 0x000001c589397790 code [0x000001c589397920, 0x000001c589397a28]
Event: 89.590 Thread 0x000001c591953580 31762       3       org.objectweb.asm.ByteVector::putInt (74 bytes)
Event: 89.591 Thread 0x000001c591953580 nmethod 31762 0x000001c583389690 code [0x000001c583389840, 0x000001c583389aa8]
Event: 89.591 Thread 0x000001c591953580 31763       3       org.objectweb.asm.MethodWriter::visitAbstractType (8 bytes)
Event: 89.591 Thread 0x000001c591953580 nmethod 31763 0x000001c583389c10 code [0x000001c583389da0, 0x000001c583389ed8]
Event: 89.591 Thread 0x000001c591953580 31764       1       org.objectweb.asm.SymbolTable::getClassName (5 bytes)
Event: 89.591 Thread 0x000001c591953580 nmethod 31764 0x000001c589397b10 code [0x000001c589397ca0, 0x000001c589397d78]
Event: 89.597 Thread 0x000001c591953580 31765       3       org.objectweb.asm.Type::getOpcode (284 bytes)
Event: 89.597 Thread 0x000001c591953580 nmethod 31765 0x000001c58338a010 code [0x000001c58338a2a0, 0x000001c58338af98]
Event: 89.597 Thread 0x000001c591953580 31767       3       org.objectweb.asm.SymbolTable::addConstantUtf8Reference (101 bytes)
Event: 89.598 Thread 0x000001c59194a0f0 31768       4       org.gradle.internal.instantiation.generator.AsmBackedClassGenerator$ClassBuilderImpl$37::<init> (403 bytes)
Event: 89.598 Thread 0x000001c591953580 nmethod 31767 0x000001c58338b290 code [0x000001c58338b4a0, 0x000001c58338ba98]
Event: 89.598 Thread 0x000001c591953580 31766       3       org.objectweb.asm.ByteVector::put122 (93 bytes)
Event: 89.598 Thread 0x000001c591953580 nmethod 31766 0x000001c58338be10 code [0x000001c58338bfc0, 0x000001c58338c248]
Event: 89.602 Thread 0x000001c591953580 31769       3       org.objectweb.asm.commons.Method::<init> (15 bytes)
Event: 89.602 Thread 0x000001c591953580 nmethod 31769 0x000001c58338c410 code [0x000001c58338c5c0, 0x000001c58338c7f8]
Event: 89.602 Thread 0x000001c591953580 31770       1       com.android.build.gradle.internal.dsl.decorator.SupportedPropertyType$Collection::getImplementationType (5 bytes)
Event: 89.602 Thread 0x000001c591953580 nmethod 31770 0x000001c589397e10 code [0x000001c589397fa0, 0x000001c589398078]
Event: 89.602 Thread 0x000001c591953580 31771       3       org.objectweb.asm.SymbolTable::addConstantMemberReference (147 bytes)

GC Heap History (20 events):
Event: 84.185 GC heap before
{Heap before GC invocations=79 (full 0):
 garbage-first heap   total 573440K, used 480720K [0x0000000700000000, 0x0000000800000000)
  region size 2048K, 69 young (141312K), 4 survivors (8192K)
 Metaspace       used 211236K, committed 214272K, reserved 1245184K
  class space    used 29001K, committed 30464K, reserved 1048576K
}
Event: 84.189 GC heap after
{Heap after GC invocations=80 (full 0):
 garbage-first heap   total 573440K, used 346999K [0x0000000700000000, 0x0000000800000000)
  region size 2048K, 4 young (8192K), 4 survivors (8192K)
 Metaspace       used 211236K, committed 214272K, reserved 1245184K
  class space    used 29001K, committed 30464K, reserved 1048576K
}
Event: 84.973 GC heap before
{Heap before GC invocations=80 (full 0):
 garbage-first heap   total 573440K, used 484215K [0x0000000700000000, 0x0000000800000000)
  region size 2048K, 71 young (145408K), 4 survivors (8192K)
 Metaspace       used 218334K, committed 221440K, reserved 1245184K
  class space    used 29949K, committed 31424K, reserved 1048576K
}
Event: 84.980 GC heap after
{Heap after GC invocations=81 (full 0):
 garbage-first heap   total 573440K, used 353937K [0x0000000700000000, 0x0000000800000000)
  region size 2048K, 7 young (14336K), 7 survivors (14336K)
 Metaspace       used 218334K, committed 221440K, reserved 1245184K
  class space    used 29949K, committed 31424K, reserved 1048576K
}
Event: 85.463 GC heap before
{Heap before GC invocations=81 (full 0):
 garbage-first heap   total 573440K, used 485009K [0x0000000700000000, 0x0000000800000000)
  region size 2048K, 72 young (147456K), 7 survivors (14336K)
 Metaspace       used 226501K, committed 229568K, reserved 1310720K
  class space    used 30972K, committed 32448K, reserved 1048576K
}
Event: 85.473 GC heap after
{Heap after GC invocations=82 (full 0):
 garbage-first heap   total 573440K, used 362190K [0x0000000700000000, 0x0000000800000000)
  region size 2048K, 8 young (16384K), 8 survivors (16384K)
 Metaspace       used 226501K, committed 229568K, reserved 1310720K
  class space    used 30972K, committed 32448K, reserved 1048576K
}
Event: 86.087 GC heap before
{Heap before GC invocations=82 (full 0):
 garbage-first heap   total 573440K, used 487118K [0x0000000700000000, 0x0000000800000000)
  region size 2048K, 69 young (141312K), 8 survivors (16384K)
 Metaspace       used 233521K, committed 236544K, reserved 1310720K
  class space    used 32101K, committed 33536K, reserved 1048576K
}
Event: 86.097 GC heap after
{Heap after GC invocations=83 (full 0):
 garbage-first heap   total 573440K, used 368110K [0x0000000700000000, 0x0000000800000000)
  region size 2048K, 7 young (14336K), 7 survivors (14336K)
 Metaspace       used 233521K, committed 236544K, reserved 1310720K
  class space    used 32101K, committed 33536K, reserved 1048576K
}
Event: 86.490 GC heap before
{Heap before GC invocations=83 (full 0):
 garbage-first heap   total 573440K, used 452078K [0x0000000700000000, 0x0000000800000000)
  region size 2048K, 49 young (100352K), 7 survivors (14336K)
 Metaspace       used 236654K, committed 239680K, reserved 1310720K
  class space    used 32545K, committed 33984K, reserved 1048576K
}
Event: 86.504 GC heap after
{Heap after GC invocations=84 (full 0):
 garbage-first heap   total 573440K, used 373191K [0x0000000700000000, 0x0000000800000000)
  region size 2048K, 6 young (12288K), 6 survivors (12288K)
 Metaspace       used 236654K, committed 239680K, reserved 1310720K
  class space    used 32545K, committed 33984K, reserved 1048576K
}
Event: 87.230 GC heap before
{Heap before GC invocations=85 (full 0):
 garbage-first heap   total 628736K, used 459207K [0x0000000700000000, 0x0000000800000000)
  region size 2048K, 62 young (126976K), 6 survivors (12288K)
 Metaspace       used 242566K, committed 245696K, reserved 1310720K
  class space    used 33345K, committed 34816K, reserved 1048576K
}
Event: 87.238 GC heap after
{Heap after GC invocations=86 (full 0):
 garbage-first heap   total 628736K, used 352539K [0x0000000700000000, 0x0000000800000000)
  region size 2048K, 7 young (14336K), 7 survivors (14336K)
 Metaspace       used 242566K, committed 245696K, reserved 1310720K
  class space    used 33345K, committed 34816K, reserved 1048576K
}
Event: 87.297 GC heap before
{Heap before GC invocations=86 (full 0):
 garbage-first heap   total 628736K, used 368923K [0x0000000700000000, 0x0000000800000000)
  region size 2048K, 15 young (30720K), 7 survivors (14336K)
 Metaspace       used 242574K, committed 245696K, reserved 1310720K
  class space    used 33345K, committed 34816K, reserved 1048576K
}
Event: 87.307 GC heap after
{Heap after GC invocations=87 (full 0):
 garbage-first heap   total 628736K, used 295764K [0x0000000700000000, 0x0000000800000000)
  region size 2048K, 2 young (4096K), 2 survivors (4096K)
 Metaspace       used 242574K, committed 245696K, reserved 1310720K
  class space    used 33345K, committed 34816K, reserved 1048576K
}
Event: 87.400 GC heap before
{Heap before GC invocations=87 (full 0):
 garbage-first heap   total 628736K, used 320340K [0x0000000700000000, 0x0000000800000000)
  region size 2048K, 15 young (30720K), 2 survivors (4096K)
 Metaspace       used 242576K, committed 245696K, reserved 1310720K
  class space    used 33345K, committed 34816K, reserved 1048576K
}
Event: 87.415 GC heap after
{Heap after GC invocations=88 (full 0):
 garbage-first heap   total 628736K, used 265033K [0x0000000700000000, 0x0000000800000000)
  region size 2048K, 2 young (4096K), 2 survivors (4096K)
 Metaspace       used 242576K, committed 245696K, reserved 1310720K
  class space    used 33345K, committed 34816K, reserved 1048576K
}
Event: 88.533 GC heap before
{Heap before GC invocations=88 (full 0):
 garbage-first heap   total 628736K, used 518985K [0x0000000700000000, 0x0000000800000000)
  region size 2048K, 126 young (258048K), 2 survivors (4096K)
 Metaspace       used 243121K, committed 246272K, reserved 1310720K
  class space    used 33402K, committed 34880K, reserved 1048576K
}
Event: 88.548 GC heap after
{Heap after GC invocations=89 (full 0):
 garbage-first heap   total 628736K, used 286515K [0x0000000700000000, 0x0000000800000000)
  region size 2048K, 13 young (26624K), 13 survivors (26624K)
 Metaspace       used 243121K, committed 246272K, reserved 1310720K
  class space    used 33402K, committed 34880K, reserved 1048576K
}
Event: 89.501 GC heap before
{Heap before GC invocations=90 (full 0):
 garbage-first heap   total 628736K, used 511795K [0x0000000700000000, 0x0000000800000000)
  region size 2048K, 123 young (251904K), 13 survivors (26624K)
 Metaspace       used 253187K, committed 256320K, reserved 1310720K
  class space    used 34722K, committed 36224K, reserved 1048576K
}
Event: 89.519 GC heap after
{Heap after GC invocations=91 (full 0):
 garbage-first heap   total 755712K, used 302037K [0x0000000700000000, 0x0000000800000000)
  region size 2048K, 9 young (18432K), 9 survivors (18432K)
 Metaspace       used 253187K, committed 256320K, reserved 1310720K
  class space    used 34722K, committed 36224K, reserved 1048576K
}

Dll operation events (17 events):
Event: 0.008 Loaded shared library C:\Program Files\Eclipse Adoptium\jdk-17.0.12.7-hotspot\bin\java.dll
Event: 0.019 Loaded shared library C:\Program Files\Eclipse Adoptium\jdk-17.0.12.7-hotspot\bin\jsvml.dll
Event: 0.050 Loaded shared library C:\Program Files\Eclipse Adoptium\jdk-17.0.12.7-hotspot\bin\zip.dll
Event: 0.052 Loaded shared library C:\Program Files\Eclipse Adoptium\jdk-17.0.12.7-hotspot\bin\instrument.dll
Event: 0.057 Loaded shared library C:\Program Files\Eclipse Adoptium\jdk-17.0.12.7-hotspot\bin\net.dll
Event: 0.059 Loaded shared library C:\Program Files\Eclipse Adoptium\jdk-17.0.12.7-hotspot\bin\nio.dll
Event: 0.062 Loaded shared library C:\Program Files\Eclipse Adoptium\jdk-17.0.12.7-hotspot\bin\zip.dll
Event: 0.185 Loaded shared library C:\Program Files\Eclipse Adoptium\jdk-17.0.12.7-hotspot\bin\jimage.dll
Event: 0.232 Loaded shared library C:\Program Files\Eclipse Adoptium\jdk-17.0.12.7-hotspot\bin\verify.dll
Event: 0.340 Loaded shared library C:\Users\AkashK\.gradle\native\68d5fa5c4cc2d200863cafc0d521ce42e7d3e7ee720ec0a83991735586a16f82\windows-amd64\native-platform.dll
Event: 0.353 Loaded shared library C:\Users\AkashK\.gradle\native\e376f236ea51e6404a007f0833ffe2c6e607c4080706a723a18a27aeea778392\windows-amd64\native-platform-file-events.dll
Event: 0.894 Loaded shared library C:\Program Files\Eclipse Adoptium\jdk-17.0.12.7-hotspot\bin\management.dll
Event: 0.898 Loaded shared library C:\Program Files\Eclipse Adoptium\jdk-17.0.12.7-hotspot\bin\management_ext.dll
Event: 1.082 Loaded shared library C:\Program Files\Eclipse Adoptium\jdk-17.0.12.7-hotspot\bin\extnet.dll
Event: 1.295 Loaded shared library C:\Program Files\Eclipse Adoptium\jdk-17.0.12.7-hotspot\bin\sunmscapi.dll
Event: 8.439 Loaded shared library C:\Users\AkashK\AppData\Local\Temp\native-platform3611370789321957744dir\native-platform.dll
Event: 8.874 Loaded shared library C:\Program Files\Eclipse Adoptium\jdk-17.0.12.7-hotspot\bin\rmi.dll

Deoptimization events (20 events):
Event: 87.545 Thread 0x000001c5d94a2430 DEOPT PACKING pc=0x000001c582928228 sp=0x000000378b6f4130
Event: 87.545 Thread 0x000001c5d94a2430 DEOPT UNPACKING pc=0x000001c587587143 sp=0x000000378b6f36f0 mode 0
Event: 87.545 Thread 0x000001c5d94a2430 DEOPT PACKING pc=0x000001c582928228 sp=0x000000378b6f4520
Event: 87.545 Thread 0x000001c5d94a2430 DEOPT UNPACKING pc=0x000001c587587143 sp=0x000000378b6f3ae0 mode 0
Event: 87.548 Thread 0x000001c5d94a2430 DEOPT PACKING pc=0x000001c582928228 sp=0x000000378b6f4520
Event: 87.548 Thread 0x000001c5d94a2430 DEOPT UNPACKING pc=0x000001c587587143 sp=0x000000378b6f3ae0 mode 0
Event: 88.271 Thread 0x000001c5d7adae70 Uncommon trap: trap_request=0xffffff45 fr.pc=0x000001c589292024 relative=0x00000000000036a4
Event: 88.271 Thread 0x000001c5d7adae70 Uncommon trap: reason=unstable_if action=reinterpret pc=0x000001c589292024 method=jdk.internal.misc.Unsafe.getAndBitwiseAndInt(Ljava/lang/Object;JI)I @ 21 c2
Event: 88.271 Thread 0x000001c5d7adae70 DEOPT PACKING pc=0x000001c589292024 sp=0x00000037930fed30
Event: 88.271 Thread 0x000001c5d7adae70 DEOPT UNPACKING pc=0x000001c5875869a3 sp=0x00000037930fe9c0 mode 2
Event: 88.304 Thread 0x000001c5d94a2430 DEOPT PACKING pc=0x000001c581f7b2c6 sp=0x000000378b6f8180
Event: 88.304 Thread 0x000001c5d94a2430 DEOPT UNPACKING pc=0x000001c587587143 sp=0x000000378b6f7648 mode 0
Event: 88.390 Thread 0x000001c5d94a2430 DEOPT PACKING pc=0x000001c581bbde2f sp=0x000000378b6f4360
Event: 88.390 Thread 0x000001c5d94a2430 DEOPT UNPACKING pc=0x000001c587587143 sp=0x000000378b6f3878 mode 0
Event: 88.406 Thread 0x000001c5d94a2430 DEOPT PACKING pc=0x000001c581bbde2f sp=0x000000378b6f4360
Event: 88.406 Thread 0x000001c5d94a2430 DEOPT UNPACKING pc=0x000001c587587143 sp=0x000000378b6f3878 mode 0
Event: 88.605 Thread 0x000001c5d94a2430 Uncommon trap: trap_request=0xffffff45 fr.pc=0x000001c5883c518c relative=0x0000000000000fac
Event: 88.605 Thread 0x000001c5d94a2430 Uncommon trap: reason=unstable_if action=reinterpret pc=0x000001c5883c518c method=java.util.HashMap.removeNode(ILjava/lang/Object;Ljava/lang/Object;ZZ)Ljava/util/HashMap$Node; @ 133 c2
Event: 88.605 Thread 0x000001c5d94a2430 DEOPT PACKING pc=0x000001c5883c518c sp=0x000000378b6fd900
Event: 88.605 Thread 0x000001c5d94a2430 DEOPT UNPACKING pc=0x000001c5875869a3 sp=0x000000378b6fd7a0 mode 2

Classes loaded (20 events):
Event: 49.989 Loading class java/util/HashMapCustomizer
Event: 49.989 Loading class java/util/HashMapCustomizer done
Event: 49.990 Loading class java/util/TreeSetBeanInfo
Event: 49.990 Loading class java/util/TreeSetBeanInfo done
Event: 49.990 Loading class java/util/TreeSetBeanInfo
Event: 49.990 Loading class java/util/TreeSetBeanInfo done
Event: 49.991 Loading class java/util/AbstractSetBeanInfo
Event: 49.991 Loading class java/util/AbstractSetBeanInfo done
Event: 49.991 Loading class java/util/AbstractSetBeanInfo
Event: 49.991 Loading class java/util/AbstractSetBeanInfo done
Event: 49.991 Loading class java/util/AbstractSetCustomizer
Event: 49.991 Loading class java/util/AbstractSetCustomizer done
Event: 49.991 Loading class java/util/AbstractSetCustomizer
Event: 49.991 Loading class java/util/AbstractSetCustomizer done
Event: 49.991 Loading class java/util/TreeSetCustomizer
Event: 49.991 Loading class java/util/TreeSetCustomizer done
Event: 49.991 Loading class java/util/TreeSetCustomizer
Event: 49.991 Loading class java/util/TreeSetCustomizer done
Event: 79.876 Loading class java/beans/ParameterDescriptor
Event: 79.877 Loading class java/beans/ParameterDescriptor done

Classes unloaded (0 events):
No events

Classes redefined (0 events):
No events

Internal exceptions (20 events):
Event: 89.028 Thread 0x000001c5d94a2430 Exception <a 'java/lang/ClassNotFoundException'{0x00000007210e1f18}: org/jetbrains/kotlin/gradle/targets/js/npm/DefaultDevNpmDependencyExtensionCustomizer> (0x00000007210e1f18) 
thrown [s\src\hotspot\share\classfile\systemDictionary.cpp, line 256]
Event: 89.028 Thread 0x000001c5d94a2430 Exception <a 'java/lang/ClassNotFoundException'{0x0000000721120b50}: org/jetbrains/kotlin/gradle/targets/js/npm/DefaultPeerNpmDependencyExtensionBeanInfo> (0x0000000721120b50) 
thrown [s\src\hotspot\share\classfile\systemDictionary.cpp, line 256]
Event: 89.028 Thread 0x000001c5d94a2430 Exception <a 'java/lang/ClassNotFoundException'{0x000000072112c2e8}: org/jetbrains/kotlin/gradle/targets/js/npm/DefaultPeerNpmDependencyExtensionCustomizer> (0x000000072112c2e8) 
thrown [s\src\hotspot\share\classfile\systemDictionary.cpp, line 256]
Event: 89.029 Thread 0x000001c5d94a2430 Exception <a 'java/lang/ClassNotFoundException'{0x0000000721174450}: org/jetbrains/kotlin/gradle/targets/js/npm/DefaultPeerNpmDependencyExtension$delegate$1BeanInfo> (0x0000000721174450) 
thrown [s\src\hotspot\share\classfile\systemDictionary.cpp, line 256]
Event: 89.030 Thread 0x000001c5d94a2430 Exception <a 'java/lang/ClassNotFoundException'{0x000000072117fce0}: org/jetbrains/kotlin/gradle/targets/js/npm/DefaultPeerNpmDependencyExtension$delegate$1Customizer> (0x000000072117fce0) 
thrown [s\src\hotspot\share\classfile\systemDictionary.cpp, line 256]
Event: 89.035 Thread 0x000001c5d94a2430 Exception <a 'java/lang/NoSuchMethodError'{0x0000000720ea1ec0}: static Lorg/jetbrains/kotlin/gradle/plugin/internal/DefaultIdeaSyncDetector$createIdeaPropertiesEvaluator$1;.<clinit>()V> (0x0000000720ea1ec0) 
thrown [s\src\hotspot\share\prims\jni.cpp, line 1112]
Event: 89.193 Thread 0x000001c5e5f8e190 Exception <a 'sun/nio/fs/WindowsException'{0x000000071e5d2a08}> (0x000000071e5d2a08) 
thrown [s\src\hotspot\share\prims\jni.cpp, line 516]
Event: 89.193 Thread 0x000001c5e5f8e190 Exception <a 'sun/nio/fs/WindowsException'{0x000000071e5d4748}> (0x000000071e5d4748) 
thrown [s\src\hotspot\share\prims\jni.cpp, line 516]
Event: 89.194 Thread 0x000001c5e5f8e190 Exception <a 'sun/nio/fs/WindowsException'{0x000000071e5d63d8}> (0x000000071e5d63d8) 
thrown [s\src\hotspot\share\prims\jni.cpp, line 516]
Event: 89.194 Thread 0x000001c5e5f8e190 Exception <a 'sun/nio/fs/WindowsException'{0x000000071e5d7d80}> (0x000000071e5d7d80) 
thrown [s\src\hotspot\share\prims\jni.cpp, line 516]
Event: 89.194 Thread 0x000001c5e5f8e190 Exception <a 'sun/nio/fs/WindowsException'{0x000000071e5eb760}> (0x000000071e5eb760) 
thrown [s\src\hotspot\share\prims\jni.cpp, line 516]
Event: 89.194 Thread 0x000001c5e5f8e190 Exception <a 'sun/nio/fs/WindowsException'{0x000000071e5ed488}> (0x000000071e5ed488) 
thrown [s\src\hotspot\share\prims\jni.cpp, line 516]
Event: 89.194 Thread 0x000001c5e5f8e190 Exception <a 'sun/nio/fs/WindowsException'{0x000000071e5eee58}> (0x000000071e5eee58) 
thrown [s\src\hotspot\share\prims\jni.cpp, line 516]
Event: 89.259 Thread 0x000001c5d94a2430 Exception <a 'java/lang/ClassNotFoundException'{0x000000071d17a588}: settings_2fruq4t4ah5udsrqz72txm3ndBeanInfo> (0x000000071d17a588) 
thrown [s\src\hotspot\share\classfile\systemDictionary.cpp, line 256]
Event: 89.260 Thread 0x000001c5d94a2430 Exception <a 'java/lang/ClassNotFoundException'{0x000000071d180f80}: settings_2fruq4t4ah5udsrqz72txm3ndCustomizer> (0x000000071d180f80) 
thrown [s\src\hotspot\share\classfile\systemDictionary.cpp, line 256]
Event: 89.269 Thread 0x000001c5d94a2430 Exception <a 'java/lang/ClassNotFoundException'{0x000000071cec50c0}: build_f024c9d2buez680i9k5848z8pBeanInfo> (0x000000071cec50c0) 
thrown [s\src\hotspot\share\classfile\systemDictionary.cpp, line 256]
Event: 89.269 Thread 0x000001c5d94a2430 Exception <a 'java/lang/ClassNotFoundException'{0x000000071cecbaa0}: build_f024c9d2buez680i9k5848z8pCustomizer> (0x000000071cecbaa0) 
thrown [s\src\hotspot\share\classfile\systemDictionary.cpp, line 256]
Event: 89.288 Thread 0x000001c5d94a2430 Exception <a 'java/lang/ClassNotFoundException'{0x000000071cb7a320}: build_7llock2g4bikzr51rop0qwuhqBeanInfo> (0x000000071cb7a320) 
thrown [s\src\hotspot\share\classfile\systemDictionary.cpp, line 256]
Event: 89.288 Thread 0x000001c5d94a2430 Exception <a 'java/lang/ClassNotFoundException'{0x000000071cb82320}: build_7llock2g4bikzr51rop0qwuhqCustomizer> (0x000000071cb82320) 
thrown [s\src\hotspot\share\classfile\systemDictionary.cpp, line 256]
Event: 89.485 Thread 0x000001c5d94a2430 Exception <a 'sun/nio/fs/WindowsException'{0x0000000718a3ecf8}> (0x0000000718a3ecf8) 
thrown [s\src\hotspot\share\prims\jni.cpp, line 516]

VM Operations (20 events):
Event: 86.741 Executing VM operation: G1PauseRemark
Event: 86.762 Executing VM operation: G1PauseRemark done
Event: 86.811 Executing VM operation: G1PauseCleanup
Event: 86.812 Executing VM operation: G1PauseCleanup done
Event: 87.230 Executing VM operation: G1CollectForAllocation
Event: 87.238 Executing VM operation: G1CollectForAllocation done
Event: 87.297 Executing VM operation: G1CollectForAllocation
Event: 87.307 Executing VM operation: G1CollectForAllocation done
Event: 87.400 Executing VM operation: G1CollectForAllocation
Event: 87.415 Executing VM operation: G1CollectForAllocation done
Event: 88.399 Executing VM operation: ICBufferFull
Event: 88.399 Executing VM operation: ICBufferFull done
Event: 88.533 Executing VM operation: G1CollectForAllocation
Event: 88.549 Executing VM operation: G1CollectForAllocation done
Event: 88.643 Executing VM operation: G1PauseRemark
Event: 88.651 Executing VM operation: G1PauseRemark done
Event: 88.683 Executing VM operation: G1PauseCleanup
Event: 88.684 Executing VM operation: G1PauseCleanup done
Event: 89.500 Executing VM operation: G1CollectForAllocation
Event: 89.519 Executing VM operation: G1CollectForAllocation done

Events (20 events):
Event: 89.191 Thread 0x000001c5da8ae690 Thread added: 0x000001c5da8ae690
Event: 89.191 Thread 0x000001c5da8ac320 Thread added: 0x000001c5da8ac320
Event: 89.191 Thread 0x000001c5da8ab900 Thread added: 0x000001c5da8ab900
Event: 89.191 Thread 0x000001c5e6e1b180 Thread added: 0x000001c5e6e1b180
Event: 89.191 Thread 0x000001c5e6e1ac70 Thread added: 0x000001c5e6e1ac70
Event: 89.191 Thread 0x000001c5e6e1da00 Thread added: 0x000001c5e6e1da00
Event: 89.238 Thread 0x000001c5e5fe00f0 Thread added: 0x000001c5e5fe00f0
Event: 89.238 Thread 0x000001c5e5fe0600 Thread added: 0x000001c5e5fe0600
Event: 89.238 Thread 0x000001c5e5fe1020 Thread added: 0x000001c5e5fe1020
Event: 89.238 Thread 0x000001c5e5fe1530 Thread added: 0x000001c5e5fe1530
Event: 89.238 Thread 0x000001c5dbceba00 Thread added: 0x000001c5dbceba00
Event: 89.239 Thread 0x000001c5dbceb4f0 Thread added: 0x000001c5dbceb4f0
Event: 89.239 Thread 0x000001c5dbcea0b0 Thread added: 0x000001c5dbcea0b0
Event: 89.239 Thread 0x000001c5dbcea5c0 Thread added: 0x000001c5dbcea5c0
Event: 89.239 Thread 0x000001c5dbceaad0 Thread added: 0x000001c5dbceaad0
Event: 89.239 Thread 0x000001c5dbceafe0 Thread added: 0x000001c5dbceafe0
Event: 89.239 Thread 0x000001c5daaa5aa0 Thread added: 0x000001c5daaa5aa0
Event: 89.356 Thread 0x000001c5def4cc40 Thread exited: 0x000001c5def4cc40
Event: 89.363 Thread 0x000001c5e6b39aa0 Thread added: 0x000001c5e6b39aa0
Event: 89.927 Thread 0x000001c5dc86fec0 Thread exited: 0x000001c5dc86fec0


Dynamic libraries:
0x00007ff7f1aa0000 - 0x00007ff7f1aae000 	C:\Program Files\Eclipse Adoptium\jdk-17.0.12.7-hotspot\bin\java.exe
0x00007ffe28480000 - 0x00007ffe286e5000 	C:\WINDOWS\SYSTEM32\ntdll.dll
0x00007ffe27460000 - 0x00007ffe27529000 	C:\WINDOWS\System32\KERNEL32.DLL
0x00007ffe25890000 - 0x00007ffe25c78000 	C:\WINDOWS\System32\KERNELBASE.dll
0x00007ffe26020000 - 0x00007ffe2616b000 	C:\WINDOWS\System32\ucrtbase.dll
0x00007ffdde4f0000 - 0x00007ffdde507000 	C:\Program Files\Eclipse Adoptium\jdk-17.0.12.7-hotspot\bin\jli.dll
0x00007ffdddd30000 - 0x00007ffdddd4b000 	C:\Program Files\Eclipse Adoptium\jdk-17.0.12.7-hotspot\bin\VCRUNTIME140.dll
0x00007ffe27930000 - 0x00007ffe27afa000 	C:\WINDOWS\System32\USER32.dll
0x00007ffe051b0000 - 0x00007ffe0544a000 	C:\WINDOWS\WinSxS\amd64_microsoft.windows.common-controls_6595b64144ccf1df_6.0.26100.4202_none_3e0698d4e335f517\COMCTL32.dll
0x00007ffe25ea0000 - 0x00007ffe25ec7000 	C:\WINDOWS\System32\win32u.dll
0x00007ffe28130000 - 0x00007ffe2815b000 	C:\WINDOWS\System32\GDI32.dll
0x00007ffe28040000 - 0x00007ffe280e9000 	C:\WINDOWS\System32\msvcrt.dll
0x00007ffe25750000 - 0x00007ffe25887000 	C:\WINDOWS\System32\gdi32full.dll
0x00007ffe26170000 - 0x00007ffe26213000 	C:\WINDOWS\System32\msvcp_win.dll
0x00007ffe280f0000 - 0x00007ffe28120000 	C:\WINDOWS\System32\IMM32.DLL
0x00007ffdf69f0000 - 0x00007ffdf69fc000 	C:\Program Files\Eclipse Adoptium\jdk-17.0.12.7-hotspot\bin\vcruntime140_1.dll
0x00007ffdbcc80000 - 0x00007ffdbcd0d000 	C:\Program Files\Eclipse Adoptium\jdk-17.0.12.7-hotspot\bin\msvcp140.dll
0x00007ffdac600000 - 0x00007ffdad26a000 	C:\Program Files\Eclipse Adoptium\jdk-17.0.12.7-hotspot\bin\server\jvm.dll
0x00007ffe26dd0000 - 0x00007ffe26e83000 	C:\WINDOWS\System32\ADVAPI32.dll
0x00007ffe27f90000 - 0x00007ffe28036000 	C:\WINDOWS\System32\sechost.dll
0x00007ffe264f0000 - 0x00007ffe26605000 	C:\WINDOWS\System32\RPCRT4.dll
0x00007ffe27000000 - 0x00007ffe27074000 	C:\WINDOWS\System32\WS2_32.dll
0x00007ffe24d30000 - 0x00007ffe24d8e000 	C:\WINDOWS\SYSTEM32\POWRPROF.dll
0x00007ffe1e730000 - 0x00007ffe1e73b000 	C:\WINDOWS\SYSTEM32\VERSION.dll
0x00007ffe19e60000 - 0x00007ffe19e95000 	C:\WINDOWS\SYSTEM32\WINMM.dll
0x00007ffe24d10000 - 0x00007ffe24d24000 	C:\WINDOWS\SYSTEM32\UMPDC.dll
0x00007ffe242b0000 - 0x00007ffe242cb000 	C:\WINDOWS\SYSTEM32\kernel.appcore.dll
0x00007ffdf3ee0000 - 0x00007ffdf3eea000 	C:\Program Files\Eclipse Adoptium\jdk-17.0.12.7-hotspot\bin\jimage.dll
0x00007ffddebd0000 - 0x00007ffddee11000 	C:\WINDOWS\SYSTEM32\DBGHELP.DLL
0x00007ffe270d0000 - 0x00007ffe27455000 	C:\WINDOWS\System32\combase.dll
0x00007ffe28250000 - 0x00007ffe28331000 	C:\WINDOWS\System32\OLEAUT32.dll
0x00007ffe101f0000 - 0x00007ffe10229000 	C:\WINDOWS\SYSTEM32\dbgcore.DLL
0x00007ffe25e00000 - 0x00007ffe25e99000 	C:\WINDOWS\System32\bcryptPrimitives.dll
0x00007ffdf3aa0000 - 0x00007ffdf3aae000 	C:\Program Files\Eclipse Adoptium\jdk-17.0.12.7-hotspot\bin\instrument.dll
0x00007ffddcd60000 - 0x00007ffddcd85000 	C:\Program Files\Eclipse Adoptium\jdk-17.0.12.7-hotspot\bin\java.dll
0x00007ffdac520000 - 0x00007ffdac5f7000 	C:\Program Files\Eclipse Adoptium\jdk-17.0.12.7-hotspot\bin\jsvml.dll
0x00007ffe26640000 - 0x00007ffe26d82000 	C:\WINDOWS\System32\SHELL32.dll
0x00007ffe255d0000 - 0x00007ffe25744000 	C:\WINDOWS\System32\wintypes.dll
0x00007ffe23210000 - 0x00007ffe23a68000 	C:\WINDOWS\SYSTEM32\windows.storage.dll
0x00007ffe27780000 - 0x00007ffe27871000 	C:\WINDOWS\System32\SHCORE.dll
0x00007ffe281e0000 - 0x00007ffe2824a000 	C:\WINDOWS\System32\shlwapi.dll
0x00007ffe254e0000 - 0x00007ffe2550f000 	C:\WINDOWS\SYSTEM32\profapi.dll
0x00007ffdd97b0000 - 0x00007ffdd97c8000 	C:\Program Files\Eclipse Adoptium\jdk-17.0.12.7-hotspot\bin\zip.dll
0x00007ffdd7650000 - 0x00007ffdd7669000 	C:\Program Files\Eclipse Adoptium\jdk-17.0.12.7-hotspot\bin\net.dll
0x00007ffe1de60000 - 0x00007ffe1df7e000 	C:\WINDOWS\SYSTEM32\WINHTTP.dll
0x00007ffe248a0000 - 0x00007ffe2490a000 	C:\WINDOWS\system32\mswsock.dll
0x00007ffdd7500000 - 0x00007ffdd7516000 	C:\Program Files\Eclipse Adoptium\jdk-17.0.12.7-hotspot\bin\nio.dll
0x00007ffdf0e40000 - 0x00007ffdf0e50000 	C:\Program Files\Eclipse Adoptium\jdk-17.0.12.7-hotspot\bin\verify.dll
0x00007ffdddd50000 - 0x00007ffdddd77000 	C:\Users\AkashK\.gradle\native\68d5fa5c4cc2d200863cafc0d521ce42e7d3e7ee720ec0a83991735586a16f82\windows-amd64\native-platform.dll
0x00007ffda5a50000 - 0x00007ffda5b94000 	C:\Users\AkashK\.gradle\native\e376f236ea51e6404a007f0833ffe2c6e607c4080706a723a18a27aeea778392\windows-amd64\native-platform-file-events.dll
0x00007ffdf0640000 - 0x00007ffdf0649000 	C:\Program Files\Eclipse Adoptium\jdk-17.0.12.7-hotspot\bin\management.dll
0x00007ffdf0430000 - 0x00007ffdf043b000 	C:\Program Files\Eclipse Adoptium\jdk-17.0.12.7-hotspot\bin\management_ext.dll
0x00007ffe26da0000 - 0x00007ffe26da8000 	C:\WINDOWS\System32\PSAPI.DLL
0x00007ffe24da0000 - 0x00007ffe24dbb000 	C:\WINDOWS\SYSTEM32\CRYPTSP.dll
0x00007ffe242d0000 - 0x00007ffe2430a000 	C:\WINDOWS\system32\rsaenh.dll
0x00007ffe24940000 - 0x00007ffe2496b000 	C:\WINDOWS\SYSTEM32\USERENV.dll
0x00007ffe254b0000 - 0x00007ffe254d6000 	C:\WINDOWS\SYSTEM32\bcrypt.dll
0x00007ffe24ae0000 - 0x00007ffe24aec000 	C:\WINDOWS\SYSTEM32\CRYPTBASE.dll
0x00007ffe23d60000 - 0x00007ffe23d93000 	C:\WINDOWS\SYSTEM32\IPHLPAPI.DLL
0x00007ffe26460000 - 0x00007ffe2646a000 	C:\WINDOWS\System32\NSI.dll
0x00007ffe1e740000 - 0x00007ffe1e75f000 	C:\WINDOWS\SYSTEM32\dhcpcsvc6.DLL
0x00007ffe1e5d0000 - 0x00007ffe1e5f5000 	C:\WINDOWS\SYSTEM32\dhcpcsvc.DLL
0x00007ffe23df0000 - 0x00007ffe23f17000 	C:\WINDOWS\SYSTEM32\DNSAPI.dll
0x00007ffdf01a0000 - 0x00007ffdf01a9000 	C:\Program Files\Eclipse Adoptium\jdk-17.0.12.7-hotspot\bin\extnet.dll
0x00007ffdeffe0000 - 0x00007ffdeffee000 	C:\Program Files\Eclipse Adoptium\jdk-17.0.12.7-hotspot\bin\sunmscapi.dll
0x00007ffe25c80000 - 0x00007ffe25df7000 	C:\WINDOWS\System32\CRYPT32.dll
0x00007ffe24ef0000 - 0x00007ffe24f20000 	C:\WINDOWS\SYSTEM32\ncrypt.dll
0x00007ffe24ea0000 - 0x00007ffe24edf000 	C:\WINDOWS\SYSTEM32\NTASN1.dll
0x00007ffe20580000 - 0x00007ffe20588000 	C:\WINDOWS\system32\wshunix.dll
0x00007ffe04b40000 - 0x00007ffe04b58000 	C:\WINDOWS\system32\napinsp.dll
0x00007ffe013d0000 - 0x00007ffe013e2000 	C:\WINDOWS\System32\winrnr.dll
0x00007ffe01390000 - 0x00007ffe013c0000 	C:\WINDOWS\system32\nlansp_c.dll
0x00007ffe01360000 - 0x00007ffe01380000 	C:\WINDOWS\system32\wshbth.dll
0x00007ffe1ab70000 - 0x00007ffe1ab7b000 	C:\Windows\System32\rasadhlp.dll
0x00007ffe1d410000 - 0x00007ffe1d496000 	C:\WINDOWS\System32\fwpuclnt.dll
0x00007ffe225c0000 - 0x00007ffe225de000 	C:\Users\AkashK\AppData\Local\Temp\native-platform3611370789321957744dir\native-platform.dll
0x00007ffe225a0000 - 0x00007ffe225a7000 	C:\Program Files\Eclipse Adoptium\jdk-17.0.12.7-hotspot\bin\rmi.dll
0x00007ffe24470000 - 0x00007ffe244a6000 	C:\WINDOWS\SYSTEM32\ntmarta.dll

dbghelp: loaded successfully - version: 4.0.5 - missing functions: none
symbol engine: initialized successfully - sym options: 0x614 - pdb path: .;C:\Program Files\Eclipse Adoptium\jdk-17.0.12.7-hotspot\bin;C:\WINDOWS\SYSTEM32;C:\WINDOWS\WinSxS\amd64_microsoft.windows.common-controls_6595b64144ccf1df_6.0.26100.4202_none_3e0698d4e335f517;C:\Program Files\Eclipse Adoptium\jdk-17.0.12.7-hotspot\bin\server;C:\Users\AkashK\.gradle\native\68d5fa5c4cc2d200863cafc0d521ce42e7d3e7ee720ec0a83991735586a16f82\windows-amd64;C:\Users\AkashK\.gradle\native\e376f236ea51e6404a007f0833ffe2c6e607c4080706a723a18a27aeea778392\windows-amd64;C:\Users\AkashK\AppData\Local\Temp\native-platform3611370789321957744dir

VM Arguments:
jvm_args: -XX:MaxMetaspaceSize=2G -XX:+HeapDumpOnOutOfMemoryError --add-opens=java.base/java.util=ALL-UNNAMED --add-opens=java.base/java.lang=ALL-UNNAMED --add-opens=java.base/java.lang.invoke=ALL-UNNAMED --add-opens=java.prefs/java.util.prefs=ALL-UNNAMED --add-opens=java.base/java.nio.charset=ALL-UNNAMED --add-opens=java.base/java.net=ALL-UNNAMED --add-opens=java.base/java.util.concurrent.atomic=ALL-UNNAMED -Xmx4G -Dfile.encoding=utf8 -Duser.country=IN -Duser.language=en -Duser.variant -javaagent:C:\Users\AkashK\.gradle\wrapper\dists\gradle-8.3-all\6en3ugtfdg5xnpx44z4qbwgas\gradle-8.3\lib\agents\gradle-instrumentation-agent-8.3.jar 
java_command: org.gradle.launcher.daemon.bootstrap.GradleDaemon 8.3
java_class_path (initial): C:\Users\AkashK\.gradle\wrapper\dists\gradle-8.3-all\6en3ugtfdg5xnpx44z4qbwgas\gradle-8.3\lib\gradle-launcher-8.3.jar
Launcher Type: SUN_STANDARD

[Global flags]
     intx CICompilerCount                          = 4                                         {product} {ergonomic}
     uint ConcGCThreads                            = 3                                         {product} {ergonomic}
     uint G1ConcRefinementThreads                  = 10                                        {product} {ergonomic}
   size_t G1HeapRegionSize                         = 2097152                                   {product} {ergonomic}
    uintx GCDrainStackTargetSize                   = 64                                        {product} {ergonomic}
     bool HeapDumpOnOutOfMemoryError               = true                                   {manageable} {command line}
   size_t InitialHeapSize                          = 134217728                                 {product} {ergonomic}
   size_t MarkStackSize                            = 4194304                                   {product} {ergonomic}
   size_t MaxHeapSize                              = 4294967296                                {product} {command line}
   size_t MaxMetaspaceSize                         = 2147483648                                {product} {command line}
   size_t MaxNewSize                               = 2575302656                                {product} {ergonomic}
   size_t MinHeapDeltaBytes                        = 2097152                                   {product} {ergonomic}
   size_t MinHeapSize                              = 8388608                                   {product} {ergonomic}
    uintx NonNMethodCodeHeapSize                   = 5839372                                {pd product} {ergonomic}
    uintx NonProfiledCodeHeapSize                  = 122909434                              {pd product} {ergonomic}
    uintx ProfiledCodeHeapSize                     = 122909434                              {pd product} {ergonomic}
    uintx ReservedCodeCacheSize                    = 251658240                              {pd product} {ergonomic}
     bool SegmentedCodeCache                       = true                                      {product} {ergonomic}
   size_t SoftMaxHeapSize                          = 4294967296                             {manageable} {ergonomic}
     bool UseCompressedClassPointers               = true                           {product lp64_product} {ergonomic}
     bool UseCompressedOops                        = true                           {product lp64_product} {ergonomic}
     bool UseG1GC                                  = true                                      {product} {ergonomic}
     bool UseLargePagesIndividualAllocation        = false                                  {pd product} {ergonomic}

Logging:
Log output configuration:
 #0: stdout all=warning uptime,level,tags
 #1: stderr all=off uptime,level,tags

Environment Variables:
JAVA_HOME=C:\Program Files\Eclipse Adoptium\jdk-17.0.12.7-hotspot
PATH=C:\Program Files\Eclipse Adoptium\jdk-17.0.12.7-hotspot\bin;C:\SDK\flutter\dart-sdk\bin;C:\SDK\flutter\bin;C:\Program Files\Common Files\Oracle\Java\javapath;C:\Program Files (x86)\Common Files\Oracle\Java\java8path;C:\Program Files (x86)\Common Files\Oracle\Java\javapath;C:\WINDOWS\system32;C:\WINDOWS;C:\WINDOWS\System32\Wbem;C:\WINDOWS\System32\WindowsPowerShell\v1.0\;C:\WINDOWS\System32\OpenSSH\;C:\Program Files\dotnet\;C:\ProgramData\chocolatey\bin;C:\SDK\php;C:\Program Files\nodejs\;C:\Program Files\MongoDB\Server\8.0\bin;C:\Program Files\MySQL\MySQL Shell 9.2\bin\;C:\Users\AkashK\AppData\Local\Programs\Python\Launcher\;C:\Users\AkashK\AppData\Local\Programs\Python\Python39\Scripts\;C:\Users\AkashK\AppData\Local\Programs\Python\Python39\;C:\Users\AkashK\AppData\Local\Microsoft\WindowsApps;C:\Users\AkashK\AppData\Local\Program;C:\Program Files\Cloudflare\Cloudflare WARP\;C:\Users\AkashK\AppData\Roaming\npm;C:\Program Files\Git\cmd;C:\Program Files\Docker\Docker\resources\bin;C:\Users\AkashK\AppData\Local\Programs\Python\Python311\Scripts\;C:\Users\AkashK\AppData\Local\Programs\Python\Python311\;C:\Program Files\Java\jdk-11\bin;C:\SDK\flutter\dart-sdk\bin;C:\SDK\flutter\bin;C:\Program Files\Common Files\Oracle\Java\javapath;C:\Program Files\Eclipse Adoptium\jdk-17.0.12.7-hotspot\bin;C:\WINDOWS\system32;C:\WINDOWS;C:\WINDOWS\System32\Wbem;C:\WINDOWS\System32\WindowsPowerShell\v1.0\;C:\WINDOWS\System32\OpenSSH\;C:\Program Files\Eclipse Adoptium\jdk-17.0.12.7-hotspot\bin;C:\Program Files\dotnet\;C:\Program Files\Java\jdk-17\bin;C:\Program Files\Git\cmd;C:\ProgramData\chocolatey\bin;C:\Program Files\Cloudflare\Cloudflare WARP\;C:\SDK\php;C:\Program Files\nodejs\;C:\Program Files\MongoDB\Server\8.0\bin;C:\Program Files\apache-cassandra-5.0.3-bin\apache-cassandra-5.0.3;C:\Program Files\Java\jdk-11\bin;C:\Users\AkashK\AppData\Local\Programs\Python\Python39\Scripts\;C:\Users\AkashK\AppData\Local\Programs\Python\Python39\;C:\SDK\flutter\dart-sdk\bin;C:\SDK\flutter\bin;C
USERNAME=AkashK
OS=Windows_NT
PROCESSOR_IDENTIFIER=AMD64 Family 25 Model 33 Stepping 0, AuthenticAMD
TMP=C:\Users\AkashK\AppData\Local\Temp
TEMP=C:\Users\AkashK\AppData\Local\Temp



Periodic native trim disabled


---------------  S Y S T E M  ---------------

OS:
 Windows 11 , 64 bit Build 26100 (10.0.26100.4202)
OS uptime: 0 days 2:15 hours
Hyper-V role detected

CPU: total 12 (initial active 12) (12 cores per cpu, 2 threads per core) family 25 model 33 stepping 0 microcode 0xa201030, cx8, cmov, fxsr, ht, mmx, 3dnowpref, sse, sse2, sse3, ssse3, sse4a, sse4.1, sse4.2, popcnt, lzcnt, tsc, tscinvbit, avx, avx2, aes, erms, clmul, bmi1, bmi2, adx, sha, fma, vzeroupper, clflush, clflushopt, hv
Processor Information for all 12 processors :
  Max Mhz: 3701, Current Mhz: 3701, Mhz Limit: 3701

Memory: 4k page, system-wide physical 8106M (746M free)
TotalPageFile size 20394M (AvailPageFile size 15M)
current process WorkingSet (physical memory assigned to process): 1002M, peak: 1002M
current process commit charge ("private bytes"): 1352M, peak: 1353M

vm_info: OpenJDK 64-Bit Server VM (17.0.12+7) for windows-amd64 JRE (17.0.12+7), built on Jul 16 2024 22:08:24 by "admin" with MS VC++ 16.10 / 16.11 (VS2019)

END.
